smiles,logP,qed,SAS
Cc1csc(C(=O)NCc2ccc(Br)c(C)c2)n1,3.35388445854187,0.9112948179244995,2.251126527786255
Cc1cc(NC(=O)C2=CCN(c3ccncc3)CC2)ccc1F,3.167613983154297,0.9090729355812073,2.241844415664673
CC1=C(C)N(Cc2nnc(Nc3cnn(C)c3)n2C)CC1,0.9641293287277222,0.9064507484436035,2.8626556396484375
Cc1nn(C(C)C)c(Nc2ccccc2S(C)(=O)=O)c1C#N,2.223372220993042,0.9045952558517456,2.536072015762329
Cc1ccc(C(=O)Nc2ccc(C)c(S(C)(=O)=O)c2)cc1C,3.3255112171173096,0.9037858247756958,1.8735123872756958
Cn1c(NC(=O)C2(CCF)CC2)nc2ccccc21,2.399590015411377,0.9031491875648499,2.4370644092559814
Cc1cccnc1C(=O)Nc1ccc(S(C)(=O)=O)cc1,2.18980073928833,0.8999517560005188,1.9939234256744385
CC(=O)N1CC=C(c2ccc(NC(=O)c3ccncc3)cc2)CC1,3.0347368717193604,0.8958571553230286,2.1781764030456543
Cc1ccccc1C(=O)Nc1cccc(S(C)(=O)=O)c1,2.887812376022339,0.8958181738853455,1.8364787101745605
Cc1ccccc1C(=O)Nc1ccc(S(C)(=O)=O)cc1,2.7701032161712646,0.893415093421936,1.8067967891693115
CC(=O)Nc1ccc(-c2ccc(C3=NC(=O)CC3)cc2)cc1,3.3444273471832275,0.8933060765266418,2.0735702514648438
CC(=O)n1c(NCC2=CC(C)(C)C=C2)nc2ccccc21,2.7850961685180664,0.8932478427886963,2.3575429916381836
CC1=C(C)CN(c2c(C(=O)Nc3ccc(F)cc3)c(C)nn2C)CC1,3.0185434818267822,0.8931590914726257,2.2180769443511963
Cc1cc(Nc2cccc(C)c2Br)ncn1,3.634009838104248,0.8925624489784241,2.2191665172576904
COc1ccc(OC)c(NS(=O)(=O)c2ccccc2)c1,2.9316554069519043,0.8923457264900208,1.805537223815918
CS(=O)(=O)c1ccnc(NC(=O)c2ccccc2)c1,1.9297239780426025,0.8912810683250427,1.948279619216919
Cc1cc(C(=O)NC(C)(C)c2ccccc2)cc(C)n1,3.5369577407836914,0.8911973834037781,2.1785693168640137
C=C1CC(CN[C@@H]2CN(C(=O)c3cnc(C)cn3)CC2(C)C)C1,2.298236131668091,0.8909151554107666,3.3207476139068604
Cc1ccc(C(=O)Nc2cccc(S(C)(=O)=O)c2)cc1,2.8611671924591064,0.8904185891151428,1.7173042297363281
Cc1ccc(NC(=O)[C@@H]2C=CC=N[C@H]2c2cncs2)cc1,3.53739333152771,0.8902114629745483,3.089210271835327
O=C(Nc1ccc(Br)cn1)c1ccccc1,3.2739765644073486,0.889812707901001,1.8777234554290771
CC1=C(C)C(=O)[C@H](Nc2ccc(S(C)(=O)=O)cc2)CC1,2.299126386642456,0.8897572755813599,2.8085789680480957
CC(=O)Nc1ccc(-c2nc(C3=CCC3)no2)cc1,2.5345101356506348,0.8890420198440552,2.2002627849578857
Cc1ccc(OCC(=O)NCC2(C)Cc3ccccc3C2)cc1,3.5251402854919434,0.8885632753372192,1.9596621990203857
Cc1ccc(N(C(=O)C2=CC=CC2)c2ccc(C(N)=O)cc2)c(C)c1,3.042825698852539,0.8884325623512268,2.242902994155884
CC(=O)Nc1cc2ccccc(=O)c2cc1OC1CC1,3.05185866355896,0.8881456851959229,1.9988685846328735
CC(=O)N(C)C1CCC(NC(=O)c2ccccc2)CC1,2.159579277038574,0.8880720138549805,2.046642541885376
CC(=O)N(C)Cc1ccc(NC(=O)c2ccccc2)cc1,2.805148124694824,0.8879404664039612,1.7730216979980469
CC(=O)Nc1ccc(C2=NN(Cc3ccccc3)C(=O)C2)cc1,3.0584444999694824,0.8878891468048096,1.8870290517807007
Cc1cc(NC(=O)c2ccccc2)cc(S(C)(=O)=O)c1,2.8859095573425293,0.8870765566825867,1.7550382614135742
CC(=O)Nc1ccc(C(=O)NC2Cc3nc(C)sc3C2)cc1,3.1320180892944336,0.8870055079460144,2.6813740730285645
CC(=O)Nc1ccc(C(=O)NC2CCc3sccc3C2)cc1,3.3019537925720215,0.8859569430351257,2.6390538215637207
CC(=O)N[C@@H](c1ccccc1)c1ncccc1C(F)(F)F,3.789825916290283,0.8857266902923584,2.4928674697875977
CC(=O)N[C@H]1CCN(C(=O)c2cccc(C)c2)c2ccc(Cl)cc21,3.8082005977630615,0.885212779045105,2.5819852352142334
Cc1ccc(Nc2nc(C3=CCCCC3)cs2)cc1,4.439100742340088,0.8848188519477844,2.2471518516540527
N#Cc1cc(Br)cc(NC(=O)c2ccccc2)c1,3.585261583328247,0.8840267658233643,1.8188482522964478
O=C(Nc1cc2ccoc2cc1F)C1=CC2(C=CCC2)C1,3.2604269981384277,0.8838098645210266,3.0683209896087646
CC(=O)N1CC=C(c2ccc(NC(=O)c3ccccc3)cc2)CC1,3.3639559745788574,0.8836606740951538,1.9859368801116943
CC(=O)Nc1ccc(O[C@@H](C)C(=O)N2CC=CCC2)cc1,2.1385390758514404,0.8811900615692139,2.418923854827881
CC1=C(C)CN(C(=O)C(F)F)C(C(=O)Nc2cccc(C)n2)=C1,2.365093946456909,0.8811125755310059,2.5375044345855713
CC(=O)Nc1ccccc1Nc1cnc2c(c1)CN(C(C)=O)CC2,2.5380163192749023,0.8799461126327515,2.27425479888916
Cc1ccc(C(=O)NC2(c3ccc(F)cc3)CCC2)c(F)c1,4.141541481018066,0.8798583745956421,2.101271390914917
CC1=C(C(=O)Nc2ccc(Nc3ncccc3C)cc2)CCCO1,3.6555731296539307,0.8788048624992371,2.183990240097046
CC(=O)N1CC=C(c2ccc(NC(=O)c3ccc(C)cc3)cc2)CC1,3.7812252044677734,0.8787742853164673,1.9730193614959717
C=C1c2ccc(C)cc2C(=O)N1CC(=O)Nc1ccc(C)cc1,3.1915414333343506,0.8786839246749878,1.925740361213684
Cn1cnc2ccc(NC(=O)C3=CCCCCC3)cc21,3.094788074493408,0.8785831928253174,2.4494967460632324
C=C1c2ccccc2C(=O)N1CC(=O)Nc1ccccc1C,3.022428274154663,0.8785625100135803,1.895503282546997
COc1ccc(CNC(=O)C2=C(C)N(C)C(=O)C2)cc1,1.1923189163208008,0.8784288763999939,1.9038945436477661
Cc1nc(NCc2ccccc2)n(CCS(C)(=O)=O)c1C,1.7260068655014038,0.8783661127090454,2.376561403274536
O=S(=O)(Nc1ccccc1)c1ccccc1Cl,3.0434231758117676,0.8782932162284851,2.1865007877349854
CC(=O)N1CCC(NC(=O)c2cc(C)cc(C)c2C)CC1,2.7455954551696777,0.877992570400238,2.1787619590759277
CC(=O)Nc1ccc(-c2noc(C3=CC=C[CH]3)n2)cc1,2.6468870639801025,0.8769867420196533,2.0340397357940674
C=C1CC2(C1)CN(C(=O)c1ccc(NC(=O)c3cccnc3)cc1)CCO2,2.880929946899414,0.8769252300262451,2.404041051864624
CC(=O)N(C)c1ccccc1NC(=O)c1ccccc1,2.819939374923706,0.8761296272277832,1.9272128343582153
CC(=O)N1CCc2cc(C(=O)Nc3ccc(C)cc3)ccc21,3.1683764457702637,0.8756116032600403,1.9293326139450073
Cc1ccc(C(=O)NC2(C(=O)O)Cc3ccccc3C2)c(C)c1,2.7498483657836914,0.875470757484436,2.1756796836853027
COc1ccc(C2=CCN(C(=O)c3ccc(NC(C)=O)cc3)CC2)cc1,3.561948776245117,0.8754308223724365,1.9791738986968994
Cc1ccc(NC(=O)c2sc(C)nc2C)cc1,3.3367905616760254,0.8753308653831482,1.9911677837371826
CC1=C(C(=O)Nc2ccc(S(C)(=O)=O)cc2)CCCO1,2.0367605686187744,0.8753288388252258,2.039921760559082
CC(=O)N[C@H](C)CNC(=O)c1ccc2ccccc2c1,2.6039342880249023,0.8752771615982056,2.349503755569458
CC(=O)NCC1=CC(C)=C[C@H]1c1cccc(Br)c1,3.485830068588257,0.8751400113105774,2.6427884101867676
CC(=O)Nc1ccc(-c2ccc3c(n2)CCC(=O)C=C3)cc1,3.3788468837738037,0.8742837309837341,2.0765841007232666
CC(=O)N1CC(C(=O)Nc2ccc(C)cc2C)=Cc2ccccc21,3.6719155311584473,0.874144434928894,2.1754157543182373
COc1ccc(NC2=C(C)C(=O)C=C[C@H]2C)cc1OC,2.838966131210327,0.8741211891174316,2.65340518951416
CC1=CC(=O)N(c2nnc(C)n2CCC(=O)Nc2ccc(Cl)cc2)C1,2.859142303466797,0.8738135099411011,2.280097246170044
C=C1c2ccccc2C(=O)N1CC(=O)Nc1ccc(C)cc1,2.9613535404205322,0.8736360669136047,1.8680652379989624
CN(C(=O)C1C=CC=CC=C1)C1CC(NC(=O)c2cccn2C)C1,2.149284839630127,0.8736122846603394,2.6169896125793457
CC(=O)Nc1ccc(-c2nnc(C)n2C(C)=O)cc1,1.6698434352874756,0.8733821511268616,2.1850666999816895
O=C(Nc1nc2c(s1)CN(C(=O)C1=CC=CC1)CC2)c1ccccc1,3.0479886531829834,0.8731058239936829,2.260711669921875
Cc1ccc(C(=O)NCC2=Cc3ccccc3C2=O)cc1,2.9135384559631348,0.8729204535484314,1.78090500831604
CC(=O)Nc1ccc(C(=O)N2C=CC(c3nc(C)no3)=CC2)c(C)c1,2.4957895278930664,0.8727745413780212,2.3369052410125732
CC(=O)Nc1ccc(Nc2c(C)c(C)nc(C)c2C)cc1,3.571824312210083,0.8727408647537231,2.129182815551758
Cc1cccc(C(=O)Nc2cccc(S(C)(=O)=O)c2)c1,2.8632991313934326,0.8726981282234192,1.779754400253296
O=C(Nc1ccc(NC(=O)c2cnon2)cc1)C1=CCCCC1,2.3476829528808594,0.8726703524589539,2.515209913253784
C=C1CC=C(C(=O)Nc2ccc(S(C)(=O)=O)cc2)CC1,2.008587121963501,0.8724292516708374,2.1858794689178467
Cc1ccc(CNC(=O)[C@H]2C=Cc3ccccc3C2)cc1,3.4225480556488037,0.8721245527267456,2.4371352195739746
CC(=O)Nc1cc(C(=O)NCc2cccc(C)c2)ccc1C,3.097409963607788,0.8717614412307739,1.8308781385421753
CC1=C(C(=O)N(C)c2ccc(C(=O)O)nc2)CCCO1,0.8741796612739563,0.8716319799423218,2.489189863204956
CC1=CC(C(=O)Nc2ccc(N3CCOCC3)cc2)=CC1,2.591076135635376,0.8714092969894409,2.016458749771118
CC1=NC(=O)c2cc(NCC(=O)Nc3ccc(C)cc3)ccc21,3.173658847808838,0.8705956339836121,2.2319962978363037
CC(=O)Nc1cc(NC(=O)c2ccc(C)o2)c(F)cc1F,2.9421939849853516,0.870470404624939,2.075822353363037
CS(=O)(=O)c1ccc(Nc2ccccc2)cc1,2.603943109512329,0.8704354763031006,1.8759305477142334
Cc1nc(C)c(C(=O)Nc2ccc(C(=O)O)cc2)c(C)c1C,2.4812114238739014,0.8703099489212036,2.207763195037842
Cc1cc(C)cc(NC(=O)c2c(C)oc(C)c2C(=O)O)c1,2.411358594894409,0.8702566623687744,2.221587896347046
CC(=O)Nc1ccc(-c2cnc3c(c2)C(C)=CC(=O)C3)cc1,3.5345494747161865,0.8700443506240845,2.030226945877075
O=C1C=C(C(=O)Nc2ccc3ncccc3c2)CCC1,2.680225133895874,0.8698857426643372,2.218024730682373
Cc1ccc(NC(=O)c2ccc(C(=O)N3C=CC(F)(F)C3)cc2)cc1,3.7851622104644775,0.8695796728134155,2.048919677734375
O=C(Nc1ccc(Br)cc1)c1cc(C2=CC=CC2)on1,3.6148717403411865,0.8695212006568909,2.289083480834961
CC1=CC(=O)N(CC(=O)Nc2ccc(N3N=C(C)CC3=O)cc2)C1,1.528945803642273,0.869011640548706,2.4021687507629395
CC(=O)Nc1cc(F)cc(N(C)[C@@H]2CC=C(C)CC2)c1,3.107224464416504,0.8686873912811279,2.950662851333618
Cc1ccnc(C)c1C(=O)Nc1cc(F)ccc1C(=O)O,1.9262478351593018,0.8686867356300354,2.231674909591675
CC(=O)Nc1ccc(-c2nnc(C)c(C(C)=O)n2)cc1,2.0206987857818604,0.8685524463653564,2.0962133407592773
NC(=O)c1ccc(C(=O)Nc2ccc(Cl)c(Cl)c2)cc1,3.2242791652679443,0.8682631850242615,1.8878237009048462
C=C1CC(C)(C(=O)Nc2cc(S(C)(=O)=O)ccc2C)C1,2.4530029296875,0.8681809902191162,2.3274483680725098
Cc1ncc(C(=O)Nc2ccc(C(=O)O)cc2)c(C)c1C,2.3142082691192627,0.8675171732902527,2.209105968475342
CC(=O)NCc1cc(NC(=O)c2ccccc2)cs1,2.6138827800750732,0.8674609661102295,1.9638404846191406
CC(=O)Nc1ccc([C@H](C)NC(=O)c2ccccc2Cl)cc1,3.870189666748047,0.867411732673645,2.251640796661377
CC(=O)Nc1cccc(NC(=O)c2c(C)c(C)c(=O)n(C)c2C)c1,2.423135995864868,0.8672729730606079,2.1585588455200195
NS(=O)(=O)c1cc(Cl)cc(NC(=O)c2ccccc2)c1,2.31387996673584,0.8672581315040588,1.8088855743408203
Cc1ccc(NC(=O)c2ccccc2)cc1S(N)(=O)=O,1.8808153867721558,0.8668590784072876,1.7990883588790894
CCN(CC)C(=O)[C@H](C)NC(=O)c1ccccc1C,2.4914116859436035,0.8665996193885803,2.4235904216766357
CC(=O)Nc1ccc2c(c1)C(=O)C(=O)C(c1ccc(C)cc1)=N2,2.996217966079712,0.8664122819900513,2.1829166412353516
CC1=C(C(=O)Nc2ccc(NC(=O)c3ccccn3)cc2)CCO1,2.7292912006378174,0.8662470579147339,2.0881407260894775
CC(=O)Nc1cccc(NC(=O)C2=Cc3cc(C)ccc3C2)c1,3.5258500576019287,0.866123616695404,2.018293619155884
CC(=O)Nc1nc(-c2ccccc2)c(NC(C)=O)s1,2.3294386863708496,0.8658816814422607,2.0035719871520996
Cc1ccc(C(=O)Nc2cc(C)c(Br)cc2F)[nH]1,3.553863525390625,0.8658639788627625,2.193293571472168
CC(=O)Nc1ccc(NC(=O)C2=CC(=O)c3nccn3C2)cc1,1.1009925603866577,0.8654114603996277,2.425100088119507
CC(=O)Nc1cc(C)c(C)cc1NC(=O)c1ccccc1C,3.3840677738189697,0.8652235269546509,1.9293606281280518
Cc1ccc(C(=O)NCC2=Cc3ccccc3C2)cc1,3.405298948287964,0.8644478917121887,1.7773566246032715
CC(=O)Nc1ccccc1NC(=O)c1cc(C)nc(C)c1,2.708834648132324,0.8643164038658142,2.030907154083252
CC(=O)Nc1cncc(C(=O)Nc2ccc(C)cc2)c1,2.4580888748168945,0.8641653656959534,1.8858649730682373
CC1=COC2(COC[C@@H]2[C@H](NC(=O)OC(C)(C)C)c2ccccc2)C1,3.6715102195739746,0.863933801651001,3.7330739498138428
CC(=O)Nc1ccc(NC2=CC=C(c3ccncc3)CC2)cc1,3.6199913024902344,0.8634182810783386,2.073234796524048
CC(=O)Nc1cc([C@@H]2CCCCN2C(=O)C2=CC=CC2)[nH]n1,1.6038483381271362,0.8633922934532166,3.112983226776123
CC(=O)c1cc(C(=O)NCc2ccccc2)ncc1Br,3.014136552810669,0.8633428812026978,2.026754856109619
CC1(C(=O)Nc2cc(F)cc(S(C)(=O)=O)c2)C=CC=CC=C1,2.757573366165161,0.8632341027259827,2.370958089828491
CC(=O)Nc1cccc(C)c1NC(=O)c1ccc(=O)n(C)n1,1.0184681415557861,0.8629414439201355,2.235933542251587
CC1=C(C)C(=O)N(c2ccc(CNC3=NC(C)(C)CC3)cc2)C1=O,2.4661684036254883,0.8623632192611694,2.5202865600585938
CC1=C(C)C(C(=O)NCc2ccc(C)cc2)=C(C)C1=O,2.2596275806427,0.8622839450836182,1.9742192029953003
CC(=O)Nc1ccc(NC(=O)C2=Cc3ccccc3OC2)cc1,2.9287097454071045,0.8619449734687805,2.2299633026123047
Cc1cc(Cl)nc(NC[C@@H]2C=CC(=O)c3ccccc32)c1,3.888620615005493,0.8619224429130554,2.794968605041504
Cc1ccc(C(=O)Nc2ccc(C(N)=O)cc2)cc1C,2.6326818466186523,0.8614224791526794,1.77415132522583
CNC(=O)c1cc(Cl)ccc1NCc1ccccc1,3.3431200981140137,0.8613051176071167,1.8129218816757202
CC1=C(C(=O)N(c2ccc(C(N)=O)cc2)c2ccccc2F)SCCO1,3.1461660861968994,0.8612664937973022,2.370361328125
Cc1cc(NC(=O)c2ccccc2)cnc1C#N,2.7070531845092773,0.8609272837638855,2.008261203765869
CC[C@H](CNC(=O)c1ccc(C)cc1)N1C(=O)C=CC1=O,1.8526787757873535,0.860386073589325,2.512827157974243
CC(=O)Nc1ccc2c(c1)C(=O)C(c1ccc(C)cc1)=NC2=O,2.9838850498199463,0.8603841066360474,2.154888391494751
CC(=O)Nc1ccc(C(=O)Nc2ccc3c(c2)CCCN3C(C)=O)cc1,2.9521238803863525,0.8602482080459595,2.037926197052002
CC(=O)Nc1ccc(-c2ccc(C)cc(=O)c2)cc1Cl,3.889540195465088,0.8599560856819153,1.8705874681472778
O=C(NS(=O)(=O)c1ccccc1F)C1=CC=CC1,1.225702166557312,0.8596973419189453,2.24469256401062
CC(=O)Nc1ccc(NC(=O)Cc2ccccc2)cc1,2.515712022781372,0.859685480594635,1.7725640535354614
CC(=O)Nc1ccc(Nc2cccc(Br)c2)cc1C,4.126545429229736,0.8595628142356873,1.90796959400177
C=C(C)C[C@H](NC(=O)OC(C)(C)C)c1ccccc1,3.8253836631774902,0.8592198491096497,2.638062000274658
CC(=O)Nc1ccc(NC(=O)c2cccc(C)c2)c(C)c1,3.309232473373413,0.8588376641273499,1.80877685546875
CC(=O)Nc1cccc(-c2cnc3c(c2)C=CCN3C)c1,2.95493745803833,0.8587034940719604,2.0914740562438965
CC(=O)Nc1ccc(Nc2ccc3c(c2)C(C)=C(C)CC3=O)cc1,3.7209231853485107,0.8586840033531189,2.013209342956543
CC(=O)Nc1cccc(-c2cc(C(F)=C3C=CC=C3)ccn2)c1,4.09697151184082,0.8584465384483337,2.006011724472046
CC(=O)Nc1ccc(C(=O)NC2(C)CCN(C(C)=O)CC2)cc1,1.9717446565628052,0.8584323525428772,2.288499593734741
CC(=O)Nc1ccc(NC(=O)c2ccccc2)c(C(F)(F)F)c1,3.8629543781280518,0.8584319353103638,1.9908673763275146
CC(=O)Nc1cnc(-c2ccc(C)c(C)c2)nc1,2.9155516624450684,0.8584141731262207,1.962497353553772
CC(C)n1cccc(NC(=O)C2=CCS(=O)(=O)C2)c1=O,0.5245049595832825,0.8580223321914673,2.6323695182800293
Cc1cccc(NC(=O)c2ccc(C)n(C)c2=O)c1,2.1445419788360596,0.8579073548316956,2.044772148132324
O=C(Nc1ccc(CN2C(=O)C=CC2=O)cc1)c1ccccc1,2.4653751850128174,0.8577805757522583,1.848899483680725
CC(=O)Nc1ccc(Nc2ccc(C3=CCN(C(C)=O)CC3)cc2)cc1,3.5583553314208984,0.8577737212181091,2.1722705364227295
CC(=O)Nc1ccc(C(=O)Nc2cccc(N3CCCC3=O)c2C)cc1,3.143913745880127,0.8576077818870544,1.9153462648391724
CC(=O)Nc1ccc(NC(=O)c2ccc(N3CCOCC3)cc2)cc1,2.51859188079834,0.8573824167251587,1.8095347881317139
CC(=O)Nc1cc(NC(=O)c2ccccc2)ccc1F,2.8217899799346924,0.8570474982261658,1.7616045475006104
Cc1cc(NC(=O)c2ccccc2)ccc1Br,4.119131088256836,0.8569104671478271,1.7375009059906006
C[C@H](CC(=O)Nc1ccc(Br)cc1)C1C=CC=C1,3.9376842975616455,0.8567144274711609,2.6773760318756104
Cc1ccc(NC(=O)c2cccc(Br)c2)cc1,4.255184173583984,0.8565779328346252,1.6826013326644897
CC(=O)Nc1cc(Br)cc(N(C)C2C=CC(=O)C=C2)c1,2.921985387802124,0.8561240434646606,2.58801007270813
CC(=O)Nc1cccc(NC(=O)c2ccccc2C)c1,3.0493099689483643,0.856023907661438,1.8490277528762817
C=C1CC(C(=O)Nc2ccccc2)(c2ccccc2)C1,3.7638354301452637,0.8559809923171997,1.941191554069519
CC(=O)Nc1nc(Nc2ccccc2C)cs1,2.8822474479675293,0.8559026718139648,2.012911081314087
CC(=O)Nc1cccc(C(=O)N2CC(C)=C(C)C23CC=CC3)c1,3.3428986072540283,0.8558002710342407,2.273113965988159
CC1=CC=CC1(C(=O)O)c1cccc(Br)c1,2.822072744369507,0.85576993227005,3.0514421463012695
Cc1ccc(Nc2ccc(C(=O)NC3=NC(=O)CCC3)cc2)cc1,3.432471752166748,0.8556641936302185,2.0416276454925537
Cc1cccc(Nc2ccc(NC(=O)C(F)(F)F)cc2)c1,3.948430061340332,0.8555926084518433,1.8965294361114502
CC1=CC(=O)N=C1c1ccc(NC(=O)C(C)(C)C)cc1,2.3065028190612793,0.8554697036743164,2.533768892288208
CC(=O)N[C@@H](c1ccccc1)c1cnccn1,2.1686949729919434,0.855129063129425,2.446438789367676
COC(=O)[C@@H](Cc1ccccc1)NC(=O)OC(C)(C)C,2.6063241958618164,0.8550636768341064,2.465491533279419
CC(=O)Nc1ccc(NC(=O)[C@H]2CCC(C)=C(C)C2)cc1,2.6237502098083496,0.8550413250923157,2.50249981880188
CC(=O)Nc1ccc(NC(=O)c2cccc(F)c2)cc1,2.6820201873779297,0.8548965454101562,1.8102020025253296
O=C(Nc1ccc(Br)cc1)c1ccccc1,3.7286465167999268,0.8548274636268616,1.626042366027832
CC(=O)Nc1ccc(C2=Cc3cc(C)c(F)cc3C2=O)cc1,3.805366277694702,0.8547511696815491,1.9822624921798706
C=C1C=CC=C1C(=O)Nc1cccc(S(C)(=O)=O)c1,2.055992841720581,0.8546332716941833,2.197009801864624
CC(=O)Nc1ccc(NC(=O)c2ccc(C)c(C)c2)cc1,3.2179393768310547,0.8545994758605957,1.7922126054763794
CC(=O)Nc1ccc(Nc2ccc(C3=CC(=O)CC3)cc2)cc1,3.413482189178467,0.8540899753570557,2.0194764137268066
CC(=O)Nc1ccc(C(=O)N[C@@H]2CN(C(=O)c3ccccc3)C[C@H]2C)cc1,2.9511873722076416,0.8540430665016174,2.806182384490967
CC(=O)Nc1ccc(Nc2ccc(C)c(Cl)c2)cc1,3.8088061809539795,0.8540285229682922,1.8213346004486084
CC(=O)Nc1ccc(C(=O)NC2(C)Cc3ncsc3C2)cc1,3.031707286834717,0.853767454624176,2.8803791999816895
CC(=O)Nc1cccc(NC(=O)c2ccc(C)cc2)c1,3.021723747253418,0.8537124991416931,1.7125447988510132
CC(=O)Nc1cncc(C(=O)N[C@@H]2CC=C(C)C[C@H]2C(F)(F)F)c1,2.8101534843444824,0.8536415100097656,3.318545341491699
O=C(Nc1ccc(N2CC=CC2)cc1)c1ccccc1,3.2497997283935547,0.8535152673721313,1.6655234098434448
Cc1ccc(NC(=O)c2ccc(NC(=O)C3=CC=CC3)cc2)cc1,3.5628387928009033,0.8533861637115479,1.887378215789795
CC(=O)Nc1ccc(NC(=O)c2cccc(C(F)(F)F)c2)cc1,3.7426888942718506,0.8533334732055664,1.924381136894226
CC(=O)Nc1ccc(-c2cccc(C)cc2=O)cc1,3.2224767208099365,0.8532344102859497,1.762914776802063
CC(=O)Nc1ccc([C@H](N)Cc2ccc(C)cc2)cc1,2.972133159637451,0.8531973361968994,2.28890061378479
CC1=CC=C[C@@H](NC(=O)c2cccc(Br)c2)C1,3.5629677772521973,0.8530729413032532,2.7351315021514893
CC(=O)Nc1ccc(Nc2c(C)ccc3c2CC=C3)cc1,3.7110257148742676,0.8530111312866211,1.8624818325042725
C=C1[C@H](C)OC(C)=C[C@H]1Oc1ccc(NC(C)=O)cc1,3.1272120475769043,0.8527517914772034,2.895663261413574
C[C@@H](NC1=CC(C(F)(F)F)=CC1=O)c1ccc(Cl)cc1,4.2605462074279785,0.8526955246925354,2.792787790298462
COc1cc(NC(C)=O)cc(Nc2ccccc2)c1,2.791294813156128,0.8526291251182556,1.7445858716964722
CC(=O)Nc1ccc(Nc2cc(C)cs2)cc1,3.3735740184783936,0.8524848222732544,1.9724026918411255
CC(=O)Nc1ccc(NC(C)=O)c(-c2ccccc2)c1,3.0420496463775635,0.8524585962295532,1.8540842533111572
CC(=O)Nc1cccc(NC(=O)c2cccc(C)c2)c1,3.007739782333374,0.8522706031799316,1.7939039468765259
Cc1ccc(C(=O)Nc2ccc(C3(C(N)=O)CC=CC3)cc2)cc1,3.289167642593384,0.8522590398788452,1.8131771087646484
CC(=O)Nc1ccc(NC(=O)c2cccc(C)c2)cc1,2.9192075729370117,0.8521080017089844,1.77739679813385
CC(=O)Nc1ccc(C(=O)Nc2cc(C)cc(C)c2)cc1,3.2191975116729736,0.8520463705062866,1.7664068937301636
CC(=O)Nc1cc(NC(=O)c2ccccc2)ccc1C,3.1025643348693848,0.8517887592315674,1.7266976833343506
CC(=O)Nc1ccc(NC(=O)c2ccccc2)c(C)c1,3.086336612701416,0.8517351150512695,1.7420368194580078
CC(=O)N=c1n(C)c(C)c(C)n1-c1ccc(NC(C)=O)cc1,2.7022149562835693,0.8515162467956543,2.1615188121795654
Cc1ccc(-c2ncc(C(=O)O)s2)cc1C,2.2823681831359863,0.8513087630271912,2.3982551097869873
C=C1CCC(C(=O)Nc2ccc(S(N)(=O)=O)cc2)CC1,1.2062797546386719,0.8512981534004211,2.041485071182251
CC(=O)Nc1ccc(N(C)c2ccccc2)cc1,3.10202956199646,0.850772500038147,1.733575701713562
O=C(CC(c1ccccc1)C(F)(F)F)Nc1ccccc1,4.378573894500732,0.8507586717605591,2.280287981033325
CC(=O)Nc1ccc(C(=O)Nc2ccc3c(c2)CC=C3)cc1,3.2025411128997803,0.8506848812103271,1.8744232654571533
CC(=O)Nc1ccc(NC2(C(C)=O)CCC2)c(C)c1,2.545686960220337,0.8506353497505188,2.2733640670776367
CC(=O)Nc1ccc(NC(=O)c2ccccc2)c(Cl)c1,3.4969844818115234,0.8504970073699951,1.7317544221878052
CC(=O)Nc1ccc(S(=O)(=O)N[C@@H]2C=CC(C)=C[C@H]2C)cc1,2.2651865482330322,0.8503187894821167,2.9934375286102295
CC(=O)Nc1ccc(N2CC(=C(C)C)C=CC2=O)cc1,2.2559664249420166,0.850114643573761,2.170348882675171
O=C(Nc1cc(C(F)(F)F)ccc(=O)n1)c1ccccc1,3.085005521774292,0.8500604033470154,2.03039813041687
CC(=O)Nc1ccccc1N[C@H]1C=CC(Br)=C1,2.8690237998962402,0.8499758243560791,2.8566434383392334
CC1=NN(c2ccc(NC(=O)C3CC(=O)C(=O)C3)cc2)C(=O)C1,1.2583194971084595,0.8499563932418823,2.5151541233062744
Cc1cccc(NC(=O)c2ccc(=O)n(C)c2)c1,2.0444211959838867,0.8497813940048218,1.9030544757843018
CC(=O)Nc1ccc(-n2ccc(=O)c(C(=O)O)c2C)cc1,1.248504400253296,0.8497645258903503,2.1457691192626953
CC(=O)Nc1ccc(NC(=O)c2ccc(C(F)(F)F)cc2)cc1,3.7108209133148193,0.849417507648468,1.845672845840454
CC(=O)Nc1ccc(NC(=O)C2CCS(=O)CC2)cn1,1.2042087316513062,0.8493414521217346,2.4021897315979004
CC(C)(C)OC(=O)N[C@@H](CC(=O)O)c1ccccc1,1.9754621982574463,0.8492743968963623,2.5953781604766846
CC(=O)Nc1ccc([C@@H](C(C)=O)N2C(=O)C=C(C)C2=O)cc1,1.3014836311340332,0.8489234447479248,2.5210983753204346
CC(=O)Nc1ccc(-c2ccc(C3=CC=CC3)cc2)cc1,4.052746772766113,0.8488665819168091,1.9703786373138428
COc1ccc(NC(=O)C2=CC=CC2)c(Cl)c1,2.9029223918914795,0.8488070964813232,2.0667436122894287
CC(=O)Nc1cc(C)cc(NC(=O)c2ccccc2)c1,2.996598482131958,0.848718523979187,1.7543315887451172
CC(=O)Nc1cncc(C(=O)Nc2ccccc2)c1,2.166956663131714,0.8484714031219482,1.9070427417755127
CC1=CC=C(C(=O)Nc2ccc(N=S(C)(C)=O)cc2C)C1,2.966334581375122,0.8483808040618896,2.481377601623535
O=C(NC1(c2ccc(NC(=O)C3CC3)cc2)CCC1)c1ccccc1,3.906921625137329,0.8481755256652832,2.085427761077881
CC(=O)Nc1ccc(CNC(=O)C2=C(C)C3CC4CC(C3)CC2C4)cc1,3.5033984184265137,0.8480316996574402,3.4086575508117676
CC(=O)Nc1ccc(NC(=O)[C@@]2(C)CC=C(C)CC2)cc1,2.8439414501190186,0.8479318618774414,2.864941120147705
COc1cccc(N(CCNC(C)=O)C(=O)c2ccccc2)c1,2.6559290885925293,0.8474972248077393,1.836564540863037
CC(=O)Nc1cccc(Nc2ccc3c(c2)C(=O)C=C3)c1,2.9999802112579346,0.8474869728088379,1.9914493560791016
C=C1CC(C(=O)Nc2cccc(NC(C)=O)c2)=Cc2ccccc21,3.6390726566314697,0.8471354842185974,2.1566500663757324
CC(=O)Nc1cccnc1C(=O)N(C)[C@@H](C(=O)O)c1ccccc1,1.557005763053894,0.8470064997673035,2.630805253982544
CC1=C(C(=O)Nc2ccc(Nc3cc(C)ccn3)cc2)CCC(=O)O1,3.170837640762329,0.8469493389129639,2.2828004360198975
CC(=O)Nc1ccc(Nc2c(C)cccc2C)cc1,3.448315382003784,0.8467803001403809,1.8537410497665405
Cc1cc(C)cc(NC(=O)c2ccc(Br)cc2)c1,4.239861011505127,0.8466562032699585,1.7194585800170898
CC(=O)Nc1cc(C(=O)N2C=CC(C)=CC2)cc(S(=O)(=O)N(C)C)c1,1.6001160144805908,0.8464379906654358,2.2513809204101562
C=C1c2ccccc2C(=O)N1CC(=O)Nc1cc(C)ccc1C,3.274423122406006,0.8459553718566895,1.9265797138214111
C=C(Br)CN[C@@H]1CN(C(C)=O)C[C@H]1c1c(F)cccc1F,3.2805299758911133,0.8456979393959045,3.174341917037964
C=C1C=C(NC(=O)c2cccc3ccccc23)CC(C)(C)C1,3.9048845767974854,0.8456485867500305,2.246809959411621
CC(=O)Nc1cccnc1NC(=O)c1ccccc1,2.056924343109131,0.8453724384307861,1.9513887166976929
COC(=O)Nc1ccc(NC(=O)c2ccccc(=O)c2)cc1,2.2417447566986084,0.8448496460914612,1.8655471801757812
CN1C(=O)C=C(c2ccc(NC(=O)C3CC(=O)C3)cc2)C1=O,0.8951382040977478,0.8446118235588074,2.3025119304656982
CC(=O)Nc1cccc(NC2=CC(Br)=CCC2)c1C,3.5975213050842285,0.844570517539978,2.28533673286438
C=C1CC(N(C)C(=O)c2ccc(NC(C)=O)cc2)C1,2.187729597091675,0.8445053696632385,2.1296019554138184
CC(=O)Nc1ccc(C(=O)Nc2ccc(C3=CC=C(C)C3)cc2)cc1,3.9124977588653564,0.8444262146949768,1.818593978881836
Cc1cccc(NC(=O)c2cc(C)oc2C)c1,3.165138006210327,0.8443484306335449,1.9439804553985596
CC(=O)N[C@@H]1CN(C(=O)c2ccc(C)cc2)C[C@H]1Nc1c(F)cccc1F,2.5426137447357178,0.8442131280899048,2.8705785274505615
CC(=O)Nc1cccc(C(=O)NCC2=CC(=O)C(C)=C(C)C2)c1,2.0857856273651123,0.8441853523254395,1.9803019762039185
CC(=O)Nc1ccc(Nc2ccc(Cl)cc2)cc1,3.6605472564697266,0.8441111445426941,1.826512336730957
CC1=CC[C@@H](NC(=O)c2ccc(C)n(C)c2=O)CC1,1.8303669691085815,0.8440542817115784,2.798816680908203
CC(=O)Nc1ccc(Nc2cccc(Cl)c2)cc1,3.715930461883545,0.8440089821815491,1.827736496925354
CC(=O)Nc1cc(NC(=O)C2=CCC=C2C)ccc1C,2.2957522869110107,0.8439713716506958,2.1416690349578857
CC(=O)Nc1ccc(S(=O)(=O)N[C@H]2C[C@H](C)C=C[C@H]2C)cc1,1.7670918703079224,0.8438514471054077,3.717524766921997
CC1=CC(=O)CC(Nc2ccc(NC(=O)c3cccs3)cc2)=C1,3.292196273803711,0.843811571598053,2.3197593688964844
CC(=O)N[C@@H](C(=O)Nc1ccc(C)cc1)[C@@H]1C=CC=C[C@H]1C,2.9858224391937256,0.8437570929527283,3.2542428970336914
CC1=CC[C@@H](CNC(=O)[C@@H](C)NC(=O)c2cccc(C)c2)CC1,2.877201557159424,0.8435688018798828,2.906723976135254
CC1=CC(C(=O)N[C@@H](C)CNC(=O)c2ccccn2)C=C1,1.5382405519485474,0.8432487845420837,3.3709404468536377
CC(=O)Nc1ccc(NC2=CC(=O)c3cc(C)ccc32)cc1,2.8455636501312256,0.8431622385978699,1.9510983228683472
N#Cc1cc(C(=O)O)ccc1NCc1ccccc1,2.2612082958221436,0.8427160978317261,2.0427913665771484
C=C1CCN(c2ccc(NC(C)=O)cc2NC(C)=O)CC1,2.081577777862549,0.8425680994987488,2.124346971511841
CC(=O)Nc1ccc(-c2cc(C)[nH]c(=O)c2)c(F)c1,2.6432621479034424,0.8420727252960205,2.0519461631774902
CC(=O)Nc1cccc(C(=O)N[C@@H]2CCC(=O)C=C2C)c1,1.8767892122268677,0.8418846726417542,2.594011068344116
CC(=O)c1ccc(NC(=O)c2ccc3c(c2)CCN3C(C)=O)cc1,2.965688943862915,0.8417618274688721,2.0249407291412354
CC(=O)Nc1ccc(-c2ccc3c(c2)C=CC3=O)cc1,3.2599446773529053,0.8416962623596191,1.8810125589370728
CC1=CC(=O)C=C(C)C1NC(=O)c1cc(C)cc(C)c1,2.5614216327667236,0.8416787981987,2.44706392288208
O=C(Nc1ccc(Cl)cc1C(=O)O)c1ccccc1,2.744497060775757,0.8416756987571716,1.840628743171692
Cc1cc(C(=O)O)cc(C(=O)Nc2ccccc2)c1,2.402815818786621,0.8415858149528503,1.9221340417861938
C=C1C=CC(NC(=O)c2ccc3nccnc3c2)=C1,2.630674123764038,0.8414523005485535,2.1082892417907715
Cc1nc2c(s1)C[C@H](NC(=O)[C@H]1C=CC=CC1)CC2,3.3268821239471436,0.8414159417152405,3.585050106048584
CC(=O)Nc1cccc(NCc2ccccc2)c1,3.1149206161499023,0.8412242531776428,1.7009588479995728
CC(=O)Nc1cccc(C(=O)N2CC=C(C)CC2)c1,2.1371474266052246,0.8411424160003662,2.098228693008423
CC1=CC(=O)[C@@H](CNC(=O)c2ccncc2)C=C1,1.404671311378479,0.8410685062408447,2.9566104412078857
C=C1CCC(C)(NC(=O)c2ccc(NC(C)=O)cc2)CC1,2.848921775817871,0.8409289121627808,2.219947099685669
CC(=O)Nc1cccc(NC(=O)[C@H]2[C@H](C)C=CC=C[C@@H]2C)c1,2.8841967582702637,0.8406722545623779,3.3924520015716553
CC(=O)Nc1ccc(Nc2ccccc2Cl)cc1,3.8618335723876953,0.8406690359115601,1.7755284309387207
Cc1ccccc1C(=O)Nc1cc(C)c(C)o1,2.88594913482666,0.8406047224998474,2.0550310611724854
C=C(C)Cn1c(CNC(C)=O)nnc1N1CCC(=C)CC1,0.9795024394989014,0.8405632972717285,2.517090320587158
CC(=O)Nc1cc(F)cc(C2=CC(=O)c3cc(C)ccc32)c1,3.828333854675293,0.840440571308136,1.9402477741241455
CC(=O)Nc1ccc(C(=O)N2CC3(CCCN3C(=O)C(C)=O)C2)cc1,1.83150053024292,0.840368390083313,2.346343517303467
C=c1ccc(=C(Nc2ccc(NC(C)=O)cc2)C(F)(F)F)cc1,4.0592169761657715,0.8402857184410095,2.007924795150757
CC(=O)Nc1ccc(NCc2ccccc2)cc1,3.0163567066192627,0.8402678370475769,1.6780916452407837
CC(=O)c1ccccc1NC(=O)C1=C(Br)CCC1,3.6056935787200928,0.8400567173957825,2.1173551082611084
CC(=O)Nc1ccc(NC(=O)C2=CCN(C(=O)OC(C)(C)C)C2)cc1,2.407501697540283,0.8400251269340515,2.274160385131836
CC(=O)Nc1ccc(C(=O)N2CCN(C(=O)c3nccn(C)c3=O)CC2)cc1,0.9152848720550537,0.8399060964584351,2.3764753341674805
Cc1ccc(Nc2ccc3c(c2)CC=CC3=O)c(C)c1,3.9280059337615967,0.8398944735527039,2.0410430431365967
C=C(C)Cn1c(-c2ccc(NC(C)=O)cc2)nnc1N1CC=C(C)CC1,2.6447293758392334,0.8398943543434143,2.1970369815826416
CC(=O)Nc1cnc(NC(=O)c2ccccc2)nc1,1.5551303625106812,0.8398285508155823,1.9910401105880737
CC(NC(=O)c1ccc(S(C)(=O)=O)cc1)=C1C=CC=C1,1.7222840785980225,0.8395761847496033,2.095759630203247
CC(=O)Nc1cccc(NC2=CC(=O)c3ccccc32)c1,2.8989317417144775,0.8392692804336548,1.9040396213531494
Cc1ccc(C(=O)NC2CCC(N(C)C(=O)C3C=CC=CC=C3)CC2)cc1,3.406947135925293,0.8391847014427185,2.2160027027130127
CC(=O)Nc1ccc(-c2cc(C)c(C)s2)cc1,3.876073122024536,0.8391828536987305,1.9662599563598633
CC(=O)Nc1ccc(NC(=O)C2=CN(C)N=C(C)C2)cc1,1.4388620853424072,0.8391692638397217,2.6772303581237793
CC(=O)Nc1cccc(NC(=O)C2CN(S(C)(=O)=O)C2)c1,0.7386179566383362,0.8391638994216919,2.1809356212615967
CC(=O)Nc1ccc(NC(=O)C2=CC(C)=C(C)C2)cc1,2.195221424102783,0.8390331864356995,2.088918924331665
Cc1ccc(C(=O)Nc2cccc(C(F)(F)F)c2)cc1,4.31180477142334,0.8385255932807922,1.6824531555175781
CC(=O)Nc1ccc(C(=O)Nc2ccccc2)cc1,2.5096583366394043,0.8381275534629822,1.6901766061782837
CC1(C)C=C(c2ccc(NC(=O)c3ccc(F)cc3)cc2)NC(=O)C1,3.8029541969299316,0.8377540707588196,1.902587652206421
CC(=O)Nc1ccc(NC(=O)[C@@H]2C[C@H]3C=C[C@H]2C=C3)cc1,2.347337245941162,0.8374841809272766,3.0416579246520996
Cc1ccc(NC(=O)c2cccc(=O)cc2)cc1,2.857907772064209,0.8371949791908264,1.713011622428894
CC(=O)Nc1ccc(N2CC(C)=CC2=O)c(C(C)=O)c1,1.8271048069000244,0.8371945023536682,2.1363911628723145
CC(=O)Nc1cccc(NC(=O)c2ccccc2)c1,2.630058526992798,0.8371483683586121,1.7317544221878052
CC(=O)Nc1cc(C)ccc1-c1c(C(F)(F)F)occc1=O,3.883816719055176,0.8370429277420044,2.2423036098480225
CC1=C(C)C(C(=O)Nc2ccc(Br)cc2)=C(C)C1,3.9391393661499023,0.8370204567909241,1.993067979812622
CC(=O)Nc1ccc(NC(=O)c2ccccc2)cc1,2.488452196121216,0.8369857668876648,1.7072616815567017
CC(=O)Nc1ccc(NC(=O)C2=CCC(C)=C2C)cc1,2.2936642169952393,0.836886465549469,2.032257318496704
Cc1cc(=O)oc(C)c1C(=O)Nc1cc(C(=O)O)ccc1F,2.1562435626983643,0.8365586996078491,2.1186490058898926
CC(=O)Nc1ccc(NC(=O)C2=CC(=O)CC2)cc1C,1.9921839237213135,0.8364229202270508,2.1377711296081543
CC(=O)Nc1ccc(S(=O)(=O)N[C@H]2[C@H]3C=C[C@@H](C=C3)[C@H]2C)cc1,2.434523105621338,0.8364066481590271,3.266880512237549
Cc1cc(NC(=O)c2ccccc2)cc(C(=O)O)c1,2.4183993339538574,0.8363119959831238,1.8771159648895264
CC(=O)Nc1ccc(C(=O)NC2=CC(=O)C(C)=C2C)cc1C,1.849151849746704,0.8361645340919495,2.090280532836914
COC(=O)c1cc(F)ccc1NC(=O)c1ccccc1C,3.2503721714019775,0.8360013961791992,1.8446112871170044
CC(=O)Nc1ccc(C(=O)NC2(C)CC=CCC2)cc1,2.438920021057129,0.8358889222145081,2.6554715633392334
O=C(Nc1ccc(NC(=O)c2cccnc2)cc1)C1=C[S@](=O)CCC1,2.7273354530334473,0.8358776569366455,2.8036997318267822
CC(=O)Nc1ccc(Nc2ccc(C)cc2)cc1,3.204646110534668,0.8357087969779968,1.7571916580200195
CC(=O)Nc1ccc(C(=O)Nc2ccc(C3=CC(=O)C=C3)cc2)cc1,3.0795068740844727,0.835557222366333,1.8890745639801025
Cc1nocc1C(=O)NC[C@H]1[C@H](C(=O)O)C1(Cl)Cl,0.6445790529251099,0.8354358077049255,3.6121349334716797
CC(=O)Nc1ccc(Nc2ccccc2)c(C)c1,3.3715784549713135,0.8353214859962463,1.7762794494628906
COC(=O)c1cc(=O)c2ccc(NC(=O)C3=COCC3)cc2n1C,1.6585832834243774,0.8351654410362244,2.579009532928467
CC(=O)Nc1ccc(NC2(C(C)=O)CCC2)cc1,1.9659106731414795,0.8348262906074524,2.2389256954193115
Cc1ccn(C)c(=O)c1NC(=O)C1=CC=CC1(C)C,2.0719051361083984,0.8345713019371033,2.5701873302459717
CC(=O)Nc1ccc(-c2ccnc(C)n2)cc1,2.543719530105591,0.8341796398162842,2.0093188285827637
CNC(=O)c1cccc(NC(=O)C2=C(C)CS[C]2C)c1,2.5263330936431885,0.8341753482818604,2.1984992027282715
C=C(C)c1cccc(CNC(=O)c2ccc(OC)cc2)c1,3.2869834899902344,0.8340482115745544,1.7890514135360718
CC(=O)Nc1ccc(NC(=O)C2=CN(C)C(=O)C2)cc1C,1.1691113710403442,0.8337782621383667,2.580458164215088
Cc1cnc(Cn2cccc2C(=O)O)nc1,0.8404687643051147,0.8334351181983948,2.466076374053955
CC(=O)Nc1cc(C(=O)N[C@H]2C=CC(=O)C=C2C)c(C)cc1C,2.2364437580108643,0.8333092331886292,2.966700553894043
Cc1cc(C(=O)O)nc(NCc2ccccc2)n1,1.4712778329849243,0.8332918286323547,2.043879508972168
CC(=O)c1ccc(NC(=O)c2ccc(C)c(C)c2)cc1,3.6269452571868896,0.8330883383750916,1.7880724668502808
Cc1nc(NC(=O)c2ccccc2)cnc1C(=O)O,1.0755780935287476,0.8326411843299866,2.076629400253296
CC(=O)Nc1ccc(Nc2cccc(C)c2)cc1,3.2684504985809326,0.8326207399368286,1.8066635131835938
O=C(Nc1cccc(NC(=O)c2ccccc2)c1)[C]1C=CC=C1,3.261302947998047,0.8323449492454529,1.8049901723861694
Cc1cc(C)c(C)c(NC(=O)c2ccccc2C)c1,4.02736234664917,0.8318526148796082,1.869012713432312
C=C1CCC(NC(=O)c2ccc(C)cc2NC(C)=O)CC1,2.8364524841308594,0.8317720293998718,2.2187185287475586
CC(=O)Nc1ccc(C2=C(C)C(=O)N(c3ccc(C)cc3)C2=O)cc1,3.2200400829315186,0.8309962153434753,1.8810030221939087
CC(=O)Nc1scnc1NC(=O)C1C=CC=CC=C1,1.5695112943649292,0.830916166305542,2.887052536010742
Cn1cccc(C(=O)Nc2ccccc2)c1=O,1.7811706066131592,0.8307827711105347,1.9921934604644775
C=C1C=CC=C1Nc1ccc(-c2ccc(NC(C)=O)cc2)cc1,3.913755416870117,0.8307759165763855,2.0609676837921143
Cc1cc(NC(=O)c2ccccc2)c(C)cc1Cl,4.281910419464111,0.8306350111961365,1.7368009090423584
CC(=O)Nc1ccc(F)cc1NC1=CC(C)=C(C)C1=O,2.308131694793701,0.8305065631866455,2.0876128673553467
COc1ccc(C2(C(=O)O)C=CC=C2)cc1NC(C)=O,1.618996262550354,0.8304895162582397,2.052489995956421
CC(=O)Nc1ccc(NC(=O)c2scnc2C2=CC(=O)C=CC2)cc1,2.900568723678589,0.8304327130317688,2.57234525680542
CC1=C(C)C(N[C@H](C)c2ccccc2C)=NC1=O,2.866933584213257,0.8303954005241394,2.6864922046661377
Cc1ccc(C(=O)NCc2ccccc2)cc1,2.947171688079834,0.8302362561225891,1.5609655380249023
CS(=O)(=O)Nc1cccc(NC(=O)C2C=CC=CC=C2)c1,2.0909061431884766,0.8302031755447388,2.2787744998931885
Cc1cccc(NC(=O)c2ccc(Cl)s2)c1,4.133660316467285,0.8301447629928589,1.9239462614059448
CC1=C(C)C(NC(=O)c2ccc(C)c(C)n2)=CC1=O,1.85329270362854,0.8300532698631287,2.2451391220092773
Cn1ncc(C(=O)O)c1NC(=O)c1ccccc1,0.5074012875556946,0.829788088798523,2.0660409927368164
CC(=O)Nc1ccc(N2C(=O)C(C)=C(C)C2=O)c(C)c1,1.7432951927185059,0.8297860026359558,2.1158595085144043
CC(=O)Nc1ccc(-c2cccc(C(F)(F)F)c2C(C)=O)cc1,4.286803722381592,0.8297621011734009,1.932469129562378
COC(=O)c1ccc(NC(=O)c2ccccc2)nc1OC,2.1448652744293213,0.829735517501831,2.0174591541290283
Cc1noc(C)c1NC(=O)c1ccccc1,2.7370526790618896,0.829718828201294,1.9726086854934692
C#CC(=O)N1CCc2nc(NC(=O)C3=CCC=CC=C3)sc2C1,1.3483376502990723,0.8296638131141663,2.995497226715088
C=C1N(c2ccccc2C(=O)O)C(=O)C(C)(C)C1(C)C,1.5215102434158325,0.829635500907898,2.3776278495788574
CN(C)C(=O)Nc1ccc(-c2ccccc2)cc1,3.295912027359009,0.8296307325363159,1.7425366640090942
C=c1ccc(=C)c(C(=O)Nc2cnc(C)nc2)c1,2.834697961807251,0.8293247818946838,2.129903554916382
CC(=O)c1cc(C)cc(NC(=O)c2ccccc2)c1,3.3499855995178223,0.8291634917259216,1.7390655279159546
Nc1ccc(Br)cc1C(=O)Nc1ccccc1,3.3992958068847656,0.8289183378219604,1.7910659313201904
CC(=O)Nc1ccc(NC2=C(C)C(C)=C(C)C2=O)cc1,2.3286190032958984,0.8287533521652222,1.9753154516220093
C=C1C(Cl)=CC(=O)N1c1ccc(C(=O)NCC)c(Cl)n1,2.1626739501953125,0.8287222385406494,2.3767147064208984
CC1=CC=C(C(=O)Nc2cc3cc(F)ccc3nc2Br)C1,4.004683971405029,0.8284024596214294,2.253120183944702
Cc1cccc(NC(=O)C2=Cc3ccccc3CC2)c1,3.868502616882324,0.8283324241638184,1.9039208889007568
Cc1csc(NC(=O)c2ccccc2)n1,2.8922464847564697,0.8283209800720215,1.8152469396591187
C=C1CC=C(C(=O)Nc2ccc(NC(C)=O)cc2)CC1,2.178025722503662,0.8282230496406555,2.1888301372528076
Cc1ccc(NC(=O)c2cccc(C)c2C)cc1,3.7692389488220215,0.8281878232955933,1.7548842430114746
CC1=C(C(=O)Nc2ccc(N=S(C)(C)=O)cc2)CCC1,2.680466651916504,0.8281445503234863,2.439408540725708
CC1=C(C)C(=O)N(c2ccc(NC(=O)C(F)F)cc2)C1=O,2.023170232772827,0.828006386756897,2.140395164489746
Cc1cc(C)nc(C2=CC(C(F)(F)F)=C(C(=O)O)C2=O)n1,1.3763065338134766,0.8278268575668335,2.752802610397339
Cc1ccc(NC(=O)[C@H]2C=CC=C2C(F)(F)F)cc1,3.7901875972747803,0.8276564478874207,2.7133681774139404
C=C(Cl)CN(C(=O)c1ccc(NC(C)=O)cc1)C1CC1,2.935286283493042,0.8275678157806396,2.098436117172241
C=C1C=CC=C1NC(=O)c1ccccc1Br,3.312671661376953,0.8274402022361755,2.3064889907836914
O=C(Nc1ccc(Cl)c(Cl)c1)c1ccccc1,3.977593183517456,0.8274223804473877,1.727598786354065
O=C(Nc1ccc([C@@H]2C=CCN2C(=O)C2=CCC2)cc1)c1ccc(F)cc1,4.05312967300415,0.8272018432617188,2.803487539291382
Cn1ccc(NC(=O)c2ccccc2)cc1=O,1.7468520402908325,0.8271040320396423,1.9297993183135986
Cc1cc2ccc(O)nc2cc1C(=O)NC1=CC(=O)C=CC1=O,2.1404623985290527,0.8270938396453857,2.3753836154937744
CC(C)(F)C(=O)NCc1ccc(NC(=O)C2=COCCO2)cc1,2.6881299018859863,0.8269121050834656,2.1646382808685303
CC(=O)c1nnsc1NC(=O)C1[CH]C=CC=C1,1.5296951532363892,0.8265146613121033,3.472127914428711
Cc1ccc(NC(=O)c2cc(C)cc(C)c2)cc1,3.7499308586120605,0.8265062570571899,1.702029824256897
CS(=O)(=O)Nc1ccc(NC(=O)C2C=CC=C2)cc1,1.4840272665023804,0.8262519836425781,2.3668911457061768
Cc1ccc(NC2=CC(=O)C=C(C(F)(F)F)C2)cc1,3.7594504356384277,0.8261067271232605,2.3154051303863525
Cc1ccc(NC(=O)CC2C=CC(=O)C=C2)cc1,2.2685317993164062,0.8260416388511658,2.1080877780914307
CC(=O)Nc1ccc(/C(C(C)=O)=C2/C=CC=CC2)cc1,2.870554208755493,0.8260273337364197,1.9834730625152588
CC(=O)Nc1ccc(O[C@@H]2C=CC=CC2=O)cc1,2.014922857284546,0.8259566426277161,2.5752811431884766
CC1=C(C)[C@@H]([C@H](Nc2ccccc2)C(=O)O)C=CC1=O,1.580545425415039,0.8259174227714539,3.0747618675231934
CC(=O)Nc1ccc(NC2=C(C)C(C)(C)OC2=O)cc1,2.2766551971435547,0.8258460164070129,2.2357354164123535
CC(=O)C(=O)Nc1ccc(Nc2ccc(C)cc2C)cc1,3.102689266204834,0.8256368041038513,1.88600492477417
CCN(CC)C(=O)Nc1cccc(N=C2C=CC(=O)C=C2)c1,2.754138946533203,0.8253116607666016,2.3557960987091064
O=C(Nc1cccc2c1C(=O)C2)c1ccccc1,2.724893093109131,0.8253058791160583,1.773896336555481
Cc1ccc(NC(=O)c2ccccc2)c(C)c1C,3.6353421211242676,0.8251239061355591,1.7215830087661743
C=C(Cc1ccccc1)c1ccccc1NC(C)=O,3.6238174438476562,0.8250284790992737,1.764193058013916
Cc1ccccc1NC(=O)c1ncc(F)cc1F,3.2518417835235596,0.8247427344322205,1.942209243774414
C=C1CCC[C@H](c2cc(NC(C)=O)ccc2F)C1,3.334672689437866,0.8247036933898926,2.5893540382385254
CC(=O)Nc1ccc(N2C(=O)C=CC(C)(C)C2=O)cc1,1.9634199142456055,0.8245748281478882,2.1767380237579346
O=C1C=CC(Nc2ccc(NC(=O)C(F)(F)F)cc2)C=C1,2.6209120750427246,0.8245487213134766,2.390085458755493
COC(=O)c1cc(C)cc(NC(=O)c2ccccc2)c1,3.058110475540161,0.8244270086288452,1.7173585891723633
C=C(C)C(=O)Nc1ccc([C@@H]2CCCCN2C(=O)[C@@H]2C=CC=N2)cc1,3.088834762573242,0.8242745995521545,3.1815555095672607
CC1=CC(C)(C)C=C1Nc1ccc(F)c(C(=O)O)c1,2.232496500015259,0.8241779804229736,2.118858575820923
C=C1C=C(Nc2cccc(NC(C)=O)c2)C=Cc2ccccc21,4.385245323181152,0.8241409659385681,1.9980920553207397
CC(=O)N1CCc2c(ncnc2NC(=O)[C@H]2C=CC(=O)C=C2C)C1,1.1873379945755005,0.8241397738456726,3.285233736038208
C=C1C=CC(C)(C)C(C(=O)Nc2ccc(NC(C)=O)cc2)=C1,2.7349348068237305,0.8239490389823914,2.185638904571533
CC(=O)Nc1ccc(C)cc1NC(=O)Cc1ccccc1,2.8968751430511475,0.8236797451972961,1.8711953163146973
Cc1ccc(C(=O)NC2=CC(=O)c3ccccc3C2)cc1,3.286092758178711,0.8236092329025269,1.7904987335205078
CC(=O)c1ccc(F)c(S(=O)(=O)NCc2ccccc2)c1,2.5025174617767334,0.8233153820037842,1.8484718799591064
NC(=O)c1ccc(NC(=O)c2ccccc2)cc1,2.0105490684509277,0.8232390880584717,1.70735764503479
CC(=O)Nc1ccc(NC2=CC(=O)CC(C)=C2C)cc1,2.3158044815063477,0.8231686949729919,2.237825393676758
CC(=O)Nc1ccc(OC2=CC=CC(C)=C=C2)cc1,3.20603609085083,0.8230983018875122,1.9954335689544678
CC(=O)c1ccc(NC(=O)c2ccccc2C)cc1,3.3745970726013184,0.8226001858711243,1.7525440454483032
CC(C)(C)OC(=O)NCCc1ccccc1,2.671130895614624,0.822566568851471,1.959525465965271
C=C1C=C(C(=O)Nc2ccc(NC(C)=O)cc2)C(C)(C)C1,2.5639545917510986,0.8225420117378235,2.1374335289001465
C=C1C=C(C(=O)Nc2ccc(NC(=O)C(F)(F)F)cc2)C=C1C,3.2343595027923584,0.8224765062332153,2.1944832801818848
CC(=O)C(=O)Nc1ccc(NC(=O)c2ccc(C)c(C)c2)cc1,2.706580877304077,0.8223745226860046,1.8508765697479248
COC(=O)[C@@H](NC(=O)[C@@H]1C=CC=C1C)c1cccnc1,1.9671186208724976,0.8223260045051575,3.2677037715911865
Cc1cccc(C(=O)Nc2coc(C)c2)c1,3.0071892738342285,0.8222140073776245,1.84237539768219
O=C(Nc1nc(C(F)(F)F)c(Br)s1)c1ccccc1,4.21588134765625,0.8219137191772461,2.0316357612609863
CCc1nnc(N2CC(C)(C)CC(C)(C)C2)n1Cc1ccc(NC(C)=O)cc1,3.693960428237915,0.8218861818313599,2.502498149871826
CC(=O)N1Cc2ccc(NC(=O)C(C)(C)C)cc2C1,2.5393781661987305,0.8214308023452759,2.244929552078247
Cc1ccc(Nc2nnc(Cl)cc2C(=O)O)cc1,2.429506540298462,0.8213483691215515,2.0568435192108154
CC1(C)C=CC=CC(Nc2ccc(Cl)cc2C(=O)O)=C1,3.357391357421875,0.8212702870368958,2.290163040161133
CNC(=O)c1ccc(NC(=O)C2=CCCCC2)cc1,2.392462730407715,0.8212697505950928,2.052262544631958
O=C(c1ccccc1)N1CCc2cc(O)ccc2C1,2.9240307807922363,0.8212389349937439,2.02897310256958
CC(=O)Nc1ccc(NC(=O)C2C=CC=CC=C2)cc1C,2.717830181121826,0.8210415840148926,2.2888734340667725
C=Cc1ccc(C(=O)NC2CCN(C(=O)C=C(C)C)CC2)cc1,2.795137405395508,0.8209938406944275,2.0416808128356934
O=C(N[C@@H]1CCS(=O)(=O)C1)c1ccccc1,0.6211283802986145,0.820556104183197,2.4888718128204346
CC(=O)N1CC=C(c2ccc(NC(=O)c3ccc(C(F)(F)F)cc3)cc2)CC1,4.462573051452637,0.8205030560493469,2.092175006866455
Cc1cc(NC(=O)c2ccccc2)ccc1Cl,3.8229308128356934,0.8202534914016724,1.6578885316848755
CC(=O)N(c1ccc(NC(=O)C2=C(C)OCCS2)cc1)c1ccccc1C,4.2799763679504395,0.8201978206634521,2.331686019897461
O=C(Nc1nccnc1C(=O)O)c1ccccc1,0.7267903685569763,0.8199797868728638,2.0863051414489746
Cc1ccc(NC(=O)[C@H]2C=C(F)C=C(F)C2)cc1,3.2143661975860596,0.8196027278900146,2.6428382396698
CC(=O)Nc1ccc(NC2=CC=CC2)c(C2CC2)c1,2.8869681358337402,0.8194644451141357,2.3935248851776123
Cc1cccc(NC(=O)c2cccc(C)n2)c1,3.080878257751465,0.8194419145584106,1.9482451677322388
CC1=CC(=O)C[C@H](CNC(=O)c2cccc(C(N)=O)c2)C1,0.740059494972229,0.8193495273590088,2.812804698944092
CC(=O)Nc1ccc(NC(=O)C2=C(C)C(=O)C=C2)cc1,1.6286062002182007,0.8190613985061646,2.07340407371521
C=C(Br)C(=O)Nc1ccc(C(=O)N2CCC=C(C)C2)cc1,3.001382350921631,0.8186847567558289,2.0776779651641846
Cc1cc(NC(=O)C2=C[C@H]3C=C[C@H]2C3)ccc1C(=O)O,1.7105586528778076,0.8185684680938721,3.247044086456299
CC(C)(C)OC(=O)N[C@@H](C(=O)O)c1ccccc1,1.7694082260131836,0.8185137510299683,2.5360145568847656
CC(=O)Nc1cccc(NC2=C[C@@H](C)[C@H](C)C=C2)c1,2.8379123210906982,0.8185099363327026,3.1125683784484863
CC(=O)Nc1ccc(NC(=C2C=CC=CC=C2)c2cccs2)cc1,4.307914733886719,0.8184147477149963,2.1320245265960693
Cc1ccc(=O)cc(NC(=O)c2ccc(O)cn2)c1,2.052022695541382,0.81822270154953,2.1026663780212402
Cc1ccc(C(=O)NCc2ccccc2)cc1C=O,2.717024564743042,0.8181289434432983,1.852697730064392
C=C1C(NC(=O)Nc2ccc(OC)cc2F)=CC(=O)c2ccccc21,3.4849696159362793,0.8181066513061523,2.020369291305542
CC(=O)Nc1ccc(NC(=O)C2=C(C)C=CC2=O)cc1,1.5959577560424805,0.8180767297744751,2.0955119132995605
CC1=CC(=O)C(N[C@]2(C(=O)O)CC(=O)c3cc(C)ccc32)=C1,1.3610169887542725,0.8178063631057739,2.828976631164551
Cc1nc(C)c(NC(=O)c2ccccc2)o1,2.49688982963562,0.8177807927131653,1.9925578832626343
CC(=O)Nc1ccc2nc(C)c(C)c(C)c(=O)c2c1,2.7372844219207764,0.8175235986709595,2.139164447784424
CC(=O)Nc1ccc(Nc2cccnc2)cc1,2.4123575687408447,0.8174835443496704,1.9595386981964111
CC(=O)Nc1ccc(NC2=C=C(C)C(C)=C2C)cc1,2.634542226791382,0.8174655437469482,2.0573596954345703
CC(C)(C)NC(=O)c1ccc(NC2=CC=CC2)cc1,2.542771100997925,0.8174270987510681,2.332247734069824
CC(=O)Nc1ccc(Nc2ccccc2)nc1,2.5614726543426514,0.8173139095306396,1.9873205423355103
CC1=C(C(=O)NCc2ccc(C)cc2)CCO1,2.000697135925293,0.8172802925109863,1.9224425554275513
CC(=O)Nc1ccc(NC(=O)C2=C(c3ccc(C)cc3)C(=O)CC2)cc1,3.2789530754089355,0.8170860409736633,2.353231191635132
CC(=O)Nc1ccc(NC(=O)CC2=CC(=O)C=C2)cc1,1.305649995803833,0.8166325092315674,2.1302199363708496
CCOC(=O)Nc1ccnc(N[C@H]2CC=Cc3cccnc32)c1,3.071719169616699,0.816563606262207,2.8534302711486816
COC(=O)c1cccc(NC(=O)Nc2ccc(C)cc2)c1,3.2519402503967285,0.8163159489631653,1.736304759979248
CS(C)(=O)=Nc1ccc(NC(=O)C2=CC=CCC2)cc1,2.471290111541748,0.8162650465965271,2.5751774311065674
COC(=O)c1nccnc1NC(=O)c1ccccc1,1.6157759428024292,0.8162399530410767,2.073604106903076
CC(=O)C(=O)Nc1ccc(Nc2cccc(C)c2)cc1,2.8060102462768555,0.8162313103675842,1.8755207061767578
CC(=O)c1ccc(C(=O)n2ccc(=O)cc2C)c(O)c1,1.433534026145935,0.8161851763725281,2.325981855392456
O=C(Nc1ccc(C2=CC=CC2)c(Br)c1)c1ccc(O)nc1,3.775552749633789,0.8160874843597412,2.136381149291992
CC(=O)Nc1ccc(C(=O)NC2=CC=CC2=O)cc1C,1.7641204595565796,0.8159546852111816,2.1969587802886963
Cc1ccc(NC(=O)c2c(C)n[nH]c2C)cc1,2.3201258182525635,0.8156400322914124,1.9962767362594604
CC(=O)Nc1ccc(-c2cccc(C)c2C)cc1,3.9241292476654053,0.8154023289680481,1.7589361667633057
CC1=CC=C[C@H](C(=O)Nc2nncs2)C1,1.5834131240844727,0.8148799538612366,3.4125919342041016
C=CC(=O)N1CC=C(c2ccc(NC(=O)c3ccccc3)cc2)CC1,3.535485029220581,0.8147962689399719,2.0376949310302734
CS(C)(=O)=Nc1ccc(NC(=O)c2ccccc2)cc1,2.85136342048645,0.8147875070571899,1.9668816328048706
C=C1CC(C)(C)C1=C(Nc1ccc(C)cc1)C(=O)O,1.9995309114456177,0.8147384524345398,2.691087007522583
Cc1ccc(C(=O)NCC2=CCCCC2)cc1C,3.0790812969207764,0.8145164251327515,2.0296082496643066
CC(=O)Nc1nnc(C2CCCCC2)s1,2.4213855266571045,0.8143669962882996,2.3801662921905518
C[C]1C=CC=C(C(=O)Nc2cc(C)ccc2C(C)=O)C1,3.1985793113708496,0.8143119215965271,2.299760341644287
CC(=O)Nc1ccc(C2(NC(=O)C(C)=O)CCC2)cc1,1.8951383829116821,0.8142337203025818,2.3644394874572754
CC(=O)Nc1cc(C)ccc1C1=CC(=O)C=C(C)C1,2.711996555328369,0.814074695110321,2.463974714279175
CC(=O)c1ccc(NC(=O)C2=CC(C)(C)CC2)cc1,3.1598191261291504,0.8139150142669678,2.2975456714630127
CC(=O)Nc1ccc(NC(=O)C2=CC(=O)CN2C(C)=O)cc1,0.6956245303153992,0.813894510269165,2.4061946868896484
C=C(C)C(=O)Nc1cc(NC(=O)c2cnnn2C)c(F)cc1F,1.4206916093826294,0.81375652551651,2.6494014263153076
CC(=O)Nc1cccc(NC2=CO[C@H](C)C=C2)c1,2.5552005767822266,0.81363445520401,2.7480642795562744
CC(=O)Nc1ccc(C2=CC(=O)CS2(=O)=O)cc1,1.3883713483810425,0.8136195540428162,2.2771105766296387
COC(=O)Nc1ccccc1NC(=O)c1cc(Br)c(C)s1,3.64569354057312,0.8135135769844055,2.1272776126861572
CC(=O)Nc1ccc(C(=O)C2=CC(=O)C3=CN(C)CCN3C2)cc1,1.7240606546401978,0.8130038976669312,2.2307052612304688
CC(=O)Nc1ccc(C(=O)N[C@@H]2CC=C[C@@H](C)[C@H]2C)cc1,2.597593307495117,0.8126665949821472,3.2765965461730957
CC(C)(C)C(=O)Nc1ccc2c(c1)C(=O)N=C2C(F)(F)F,3.201490640640259,0.8126658797264099,2.4109160900115967
O=C(NC1Cc2ccccc2C1)C1C=CC=CC=C1,2.863377094268799,0.8123893737792969,2.2299156188964844
C=C1CC(C(=O)Nc2ccc(C3(NC(=O)C4CC(=C)C4)CCC3)cc2)C1,3.503026247024536,0.8122184872627258,2.621297597885132
C=C1CC(C(=O)Nc2ccc(NC(C)=O)cc2C)C1,2.2153632640838623,0.8121447563171387,2.188174247741699
CC(=O)N1C[C@H](C)C[C@H](CNc2cnn(-c3cccc(C)c3)c(=O)c2N)C1,2.2366456985473633,0.8120754957199097,3.1831846237182617
CC(=O)Nc1ccc(NC(=O)C2=CC=C(C)C2)cc1,2.0334630012512207,0.8118575811386108,2.0645670890808105
CC(=O)Nc1ccc(NC(=O)C2=CC(=O)C=C2Cl)cc1,1.7328523397445679,0.8114030361175537,2.349785804748535
CC(=O)Nc1ccc(C2=CC(=O)C=C[C@H]2C)cc1,2.4591920375823975,0.8113986253738403,2.6705925464630127
CC(=O)Nc1ccc(C(=O)Nc2ccc3c(c2)CCCN3S(C)(=O)=O)cc1,2.6197946071624756,0.811213493347168,2.0051779747009277
CC(=O)Nc1ccc(NC(=O)C2C=CC(C)=C2)nc1,1.699009656906128,0.8110182881355286,3.106114625930786
CC(=O)Nc1ccc(NC(=O)C2C=CC(=O)C=C2)cc1,1.5725023746490479,0.810752809047699,2.3064794540405273
CCOC(=O)c1cc(C)cc(NC(=O)c2ccccc2)c1,3.6209633350372314,0.8107081651687622,1.7236272096633911
CC(=O)Nc1cccc(-c2cc(C)cc(=O)[nH]2)c1,2.4711878299713135,0.8104987144470215,1.9722926616668701
CC1=NC(=O)C(C)(C)c2ccc(NC(=O)C(F)(F)F)cc21,3.2679691314697266,0.8095954060554504,2.419046401977539
CC(=O)Nc1ccc(NC(=O)C[C@H]2CC=CC(=O)C2)cc1,1.5357859134674072,0.8093720078468323,2.7999260425567627
CC(=O)Nc1ccc(NC(=O)C2C=CC=CC=C2)cc1,2.206547975540161,0.8093067407608032,2.2469489574432373
O=C1CC(C(=O)Nc2ccc(C(F)(F)F)cc2)=Cc2ccccc2N1,4.00081729888916,0.8090817928314209,2.2185916900634766
COC(=O)c1ccccc1NC(=O)C1=C(C)OCC1,2.026853084564209,0.8090474009513855,2.032517194747925
COC(=O)c1ccc(C)cc1NC(=O)C1=CC[C](C)C=C1,2.995608329772949,0.8088836669921875,2.044597625732422
CC(=O)Nc1ccc(NC(=O)C2=CC(=O)C=C(C)C2)cc1,1.715060830116272,0.8086808919906616,2.440984010696411
CC(=O)Nc1ccc(NC(=O)C2=CC=CCC2)cc1,1.874809980392456,0.8085510730743408,2.177757740020752
CC1=C[C@@H](C(=O)O)N(Cc2cccc(C)c2)C(C(=O)O)=N1,0.25195571780204773,0.8084573149681091,3.120887041091919
C=C1C=CC(C(=O)Nc2ccc(C)cc2)=C(C)N1C,2.820114850997925,0.8083937764167786,1.9653862714767456
CC(=O)c1cc(C(F)(F)F)ccc1NC1=C(C)C=C[CH]1,4.126914978027344,0.8082123398780823,2.2561686038970947
CC(=O)Nc1ccc(C)cc1NC(=O)c1ccccc1,2.974583625793457,0.8079063296318054,1.8413996696472168
CC(=O)Nc1cc(C)ccc1NC(=O)c1ccccc1,2.974583625793457,0.8079063296318054,1.8413996696472168
CC(=O)NCC(=O)N[C@@H](C)c1cccc(C)c1,1.4042949676513672,0.8077620267868042,2.4727470874786377
O=C(O)C1=CS[C](NC(=O)c2ccccc2)C=C1,1.5521211624145508,0.8076308369636536,2.1860203742980957
CC(C)(C)C(=O)Nc1ccc(N=C2C=CC=C2)cc1,3.1262168884277344,0.8075440526008606,2.381385564804077
C=C1C(C)=C(C)C(=O)N1c1ccc(NC(C)=O)c(F)c1,2.3359575271606445,0.8072006106376648,2.21798038482666
Cc1ccc(C(=O)N(C)C2C=CC=CC=C2)[nH]1,1.7583531141281128,0.8070518970489502,2.512794017791748
CC(=O)Nc1cccc(Nc2ccccc2)c1,2.9746146202087402,0.806822657585144,1.7596114873886108
C=C1C(C)=CC(=O)C=C1c1ccc(NC(C)=O)cc1,2.640714406967163,0.8067951798439026,2.367851734161377
CN(C1C=CC(=O)C=C1)S(=O)(=O)c1cc(F)ccc1F,1.879270076751709,0.806747317314148,2.499178409576416
C=C1C=C(Cl)CC(C(=O)Nc2ccc(NC(C)=O)cc2)=C1,2.8899219036102295,0.806731641292572,2.2098004817962646
CC(=O)Nc1ccc(NC(=O)C2=CC(=O)CC2)cc1,1.370800256729126,0.8066307902336121,2.10980224609375
Cc1ccc(C)c(NC(=O)c2ccccc2)c1C,3.6283278465270996,0.8065048456192017,1.6956993341445923
O=C(Nc1ccc(N=c2cc[nH]cc2)cc1)C12C=CC(CC1)CC2,3.1385233402252197,0.8064642548561096,3.048637866973877
Cc1cccc(C(=O)Nc2cc(C)ccc2C)c1,3.7746074199676514,0.8063130378723145,1.7872025966644287
CC(=O)Nc1ccc(NC(C)=O)c(C2=CC=CC2)c1,2.020329236984253,0.8060740828514099,2.17204213142395
CC(=O)Nc1ccc(NC2=CC(=O)CCC2)cc1,2.137169599533081,0.8060364723205566,2.1282899379730225
O=C(Nc1ccc(NC(=O)C2C=CC=CC=C2)cc1)c1ccc(F)cc1,3.720853328704834,0.8060042858123779,2.0510122776031494
Cc1ccc(-c2ccc(C(=O)O)cc2)c(C)c1,2.844508171081543,0.8059906363487244,2.0924720764160156
Cc1ccc(C(=O)Nc2ccccc2)c(C)c1,3.562993049621582,0.8058050870895386,1.6875659227371216
CC(=O)Nc1ccc(Nc2ccccc2)cc1,2.9121503829956055,0.8057231903076172,1.7403658628463745
Cc1ccc(NC(=O)c2ccccc2)c(C)c1,3.5699331760406494,0.8055237531661987,1.6574290990829468
CC(C(=O)Nc1ccc(Br)cc1)=C1C=CC=C1,3.4652342796325684,0.8053534030914307,2.0844175815582275
C=C1CC(C)(C(=O)Nc2ccc(NC(C)=O)cc2)C1,2.155877113342285,0.8053159117698669,2.223951578140259
Cc1ccc(NC(=O)c2ccccc2)cc1C,3.5408313274383545,0.805310845375061,1.6259289979934692
C=C1C=C(C)CC(C(=O)Nc2ccc(NC(C)=O)cc2)=C1,2.448380708694458,0.8051968216896057,2.1723928451538086
C=C1C=C(C)C(C(=O)Nc2cccc(NC(C)=O)c2)=C1,2.3589117527008057,0.8049010634422302,2.081451654434204
CC(=O)NC1=CC(=Cc2cccc(C)c2)CN(C(=O)OC(C)(C)C)C1,3.5097646713256836,0.8048334717750549,2.3231730461120605
COc1ccc(NC(C)=O)cc1NC1=CC=CC1=O,1.9250744581222534,0.8047483563423157,2.0350027084350586
CC(=O)c1cccc(NC[C@@H]2CCC2(C)C)c1,3.0702123641967773,0.8046905398368835,2.776196241378784
Cc1cccc(C)c1NC(=O)c1ccccc1,3.450709104537964,0.8046716451644897,1.6754134893417358
C#Cc1cc(NC(C)=O)ccc1Nc1cccc(C)c1,3.4723474979400635,0.8046622276306152,2.050119161605835
CC(=O)Nc1ccc(N2C(=O)N=C(N)C(C)(C)C2=O)cc1,1.0691847801208496,0.8044952750205994,2.523509979248047
C[C]1CC(C)=C(C(=O)Nc2ccc(NC(C)=O)cc2)S1,2.5691027641296387,0.8044948577880859,2.216761589050293
C=C1C=Cc2ccc(-c3ccc(NC(C)=O)cn3)cc2C=C1,3.927532911300659,0.804456889629364,2.1173033714294434
Cc1cccc(NC(=O)c2ccccc2)c1C,3.562800407409668,0.8043292760848999,1.6659576892852783
Cc1cc(O)ncc1C(=O)Nc1ccccc1,2.422222375869751,0.8042384386062622,1.9675410985946655
CC(=O)Nc1cccc(NC(=O)C2=C(C)C=C[CH]2)c1,2.179745674133301,0.8042193651199341,2.0325255393981934
COc1ccc2c(c1)C(=O)N(CC(=O)N[C@H]1CC=C(C)C(C)=C1C)C2=O,1.9866868257522583,0.8041433691978455,2.6854114532470703
CC(=O)Nc1ccc(-c2ccccc2)c(C)c1,3.6470234394073486,0.8040297627449036,1.7085129022598267
Cc1ccc(C(=O)Nc2ccc(C(=O)N[C@H]3C=CC=CC3)cc2)cc1,3.8365707397460938,0.8039993047714233,2.5201611518859863
CC(=O)Nc1cc(F)cc2c(=O)c(C)c(C)[nH]c12,2.447176933288574,0.8037898540496826,2.3135366439819336
C=C1C=C(C(=O)Nc2ccc(NC(C)=O)cc2)CC1,1.94815194606781,0.8036786317825317,2.2107255458831787
C=C1C=Cc2ccccc2C(Nc2cccc(C(=O)OC)c2)=C1,3.712442398071289,0.8036723136901855,1.945718765258789
CC(=O)Nc1ccc(NC2=CC(C)=CC(=O)C2)cc1,1.8370263576507568,0.803513765335083,2.2070791721343994
CC(=O)Nc1ccc(C2=C(C)C(=O)C=CC2=O)cc1,2.043735980987549,0.8034989237785339,2.0349183082580566
CC(=O)Nc1ccc(NC2=C=C(C)SC=C2)cc1,2.6950604915618896,0.8033334612846375,2.293999671936035
CC(=O)Nc1ccc(-c2ccc(C)cc2)cc1,3.5138421058654785,0.8031420707702637,1.7180527448654175
C=CC12CCC(C(=O)Nc3cc(C)cc(C)c3)(CC1)C2,3.9617116451263428,0.8030272722244263,2.8736813068389893
CC(=O)Nc1ccc(NC(=O)[C]2C=CC=C2C)cc1,1.9261895418167114,0.8027885556221008,2.1406760215759277
CC(=O)Nc1ccc(-c2cccc(C)c2)cc1,3.565934181213379,0.80246502161026,1.699481725692749
CC1=CC(=O)C=C1C(=O)Nc1c(C)cccc1C,2.296865224838257,0.8023697137832642,2.2325243949890137
O=C1CC(=CC(=O)Nc2ccc(C(F)(F)F)cc2)C1,2.9288532733917236,0.8019111156463623,2.1924853324890137
CC(=O)Nc1cc(NC(C)=O)cc(C2=CC=CC2)c1,1.930663824081421,0.801079511642456,2.335305690765381
Cc1cccc(NC(=O)c2ncccc2C=O)c1,2.612323522567749,0.8010737299919128,2.1194727420806885
CC(=O)Nc1ccc(C(=O)Nc2cccc(N=C3CCCN3C)c2)cc1,3.012254238128662,0.8010735511779785,2.1875908374786377
C=C1CC(CCl)(C(=O)Nc2ccc(NC(C)=O)cc2)C1,2.7111408710479736,0.8009477853775024,2.251400947570801
Cc1cc(C)cc(NC(=O)c2ccccc2)c1,3.551382541656494,0.8008872270584106,1.6457912921905518
CC(=O)Nc1cccc(NC(=O)C2(C)C=CC=C2)c1,2.4103705883026123,0.8008677363395691,2.1073408126831055
C=C1C=C(C)CC(C(=O)Nc2ccc(Cl)cc2)=C1,3.6289114952087402,0.8008038401603699,2.1052615642547607
CC(=O)Nc1cncc(-c2ccccc2)c1,2.576263904571533,0.800595760345459,1.898603916168213
CC(=O)Nc1ccc(N2C(=O)C(=O)C(c3ccc(C)cc3)=C(C)C2=O)cc1,2.8609554767608643,0.8005850911140442,1.970167875289917
CC(=O)Nc1ccc(NC(C)=C2C=CC(=O)C=C2)cc1,2.1773600578308105,0.800362765789032,2.1874001026153564
C=C1C=C(C)C(=O)[C@@]1(C#N)C(=O)Nc1ccc(NC(C)=O)cc1,1.7651861906051636,0.8002301454544067,2.8018386363983154
C=C1C=C(Nc2ccc(NC(C)=O)cc2)C(C)(C)C1,2.8325557708740234,0.8001266717910767,2.2256522178649902
CC(=O)c1ccc(NC(=O)c2ccccc2)cc1,3.0471062660217285,0.8000020384788513,1.679958701133728
CC(=O)Nc1cc(N=C2C=C(C)C=CC2=O)ccc1C,2.5131354331970215,0.8000005483627319,2.4063165187835693
C=C1CC(Cc2ccc(Cl)cc2)(C(=O)Nc2cccc(NC(C)=O)c2)C1,4.390401840209961,0.7996888160705566,2.165318489074707
CC(=O)N[C@@H](C)CN(C)C(=O)c1ccccc1,1.8122379779815674,0.7996575832366943,2.391859769821167
Cc1ccc(C(=O)NNC(=O)c2csc(C(F)(F)F)c2)cc1C,3.718604803085327,0.7995045185089111,2.1935179233551025
CC(=O)Nc1ccc(NC(=O)C2=CCC=C2)cc1,1.641432523727417,0.799432098865509,2.047973394393921
Cc1ccc(NC(=O)c2ccc(NC(=O)C3=NN(C)C(=O)CC3)cc2)c(C)c1,2.7722055912017822,0.7994073033332825,2.2530531883239746
COc1cc(OC)cc(Oc2cccc(C)cc2=O)c1,3.1472535133361816,0.7994019985198975,1.9297635555267334
C=C(C)C(=O)Nc1cccc(NC(=O)c2ccc(F)cc2F)c1,3.2431552410125732,0.7991357445716858,2.052672863006592
Cc1ccnc(NC2=CC(=O)CC(C)(C)C2)c1,2.5281906127929688,0.7990007400512695,2.6076292991638184
CC(=O)Nc1ccc(NC(=O)CN2C(=O)C(C)=C(C)C2=O)c(F)c1,1.0727652311325073,0.7988228797912598,2.15134596824646
CC(=O)Nc1ccc(N2C(=O)CC(C)=C2C)cc1,1.9769831895828247,0.7987374663352966,2.0126891136169434
CC1=CC[C@@H](NC(=O)c2cncc(C)c2)C(C)=C1,2.587088108062744,0.7982702255249023,2.997896194458008
O=C(Nc1cccc(Cl)c1)c1ccccc1,3.7056946754455566,0.7977811694145203,1.6364060640335083
C=CCN(CC=C)C(=O)c1cnc2[nH]c(=O)n(C)c2c1,1.1137380599975586,0.7968354225158691,2.609752655029297
C=C1C=CN(c2ccc(NC(C)=O)cc2)C(C)=C1,2.686187744140625,0.796743631362915,2.037956953048706
Cc1cc(C)c(C)c(NC(=O)c2ccccc2)c1,3.87772274017334,0.7966722846031189,1.7532681226730347
C=C1C(C)=C(C)C(=O)N1CC(=O)Nc1c(C)ccc(F)c1C(=O)OC,1.789086937904358,0.7962987422943115,2.091810703277588
Cc1cc(C(=O)Nc2ccccc2)ccc1O,2.803170919418335,0.7961859107017517,1.6961398124694824
CC1(C)CC=C(Nc2ccccc2C(=O)O)C1=O,1.2900948524475098,0.7961342334747314,2.191451072692871
CC1=CC=C(NC(=O)c2cccc(C)c2C)CC1,3.1644065380096436,0.7960255146026611,2.1398439407348633
C=C1CC(C)(NCc2ccc(NC(C)=O)cc2)C1,2.257227659225464,0.7954885959625244,2.141847610473633
C=C(C)C(=O)Nc1ccccc1NC(=O)c1ccccc1,2.686310291290283,0.7949700951576233,1.9241323471069336
C=C1C=C(C(=O)Nc2ccc(C(=O)O)cc2)C(=C)C1,1.5329927206039429,0.7946999073028564,2.151536464691162
O=C(Nc1ccc(Cl)cc1)c1ccccc1,3.6015610694885254,0.7946693301200867,1.6003291606903076
CC(=O)Nc1ccccc1NC(=O)C1=CN=C(C)C(=O)C1,1.1996718645095825,0.7941700220108032,2.5176267623901367
CC(=O)Nc1ccc(NC2=CC=C(C)CC2)cc1,2.459115505218506,0.7939103245735168,1.9911118745803833
Cc1cccc(N(C)C(=O)c2ccc(=O)n(C)c2)c1,2.3656558990478516,0.7932918071746826,2.114845037460327
Cc1ccc(C(=O)Nc2ccccc2F)[nH]1,2.324518918991089,0.7929621934890747,2.0421364307403564
CC(=O)Nc1ccc(NC2=C=C=C(Cl)C=C2)cc1,2.877206325531006,0.7928120493888855,1.9999969005584717
Cc1ccc(NC(=O)C2C=CC=CC=C2)c(C)c1,3.308638572692871,0.7925484776496887,2.1656718254089355
O=C(Nc1cccc(Br)c1)c1ccc(Br)cc1,4.4090800285339355,0.7924299836158752,1.7560898065567017
C=CCn1ccc2cc(NC(=O)C(F)(F)F)ccc2c1=O,2.9509212970733643,0.7924085855484009,2.245922327041626
CCC(=O)N1CCCCC[C@H]1CNC(=O)C1=CCC(=O)CC1,1.8421225547790527,0.7923792600631714,3.0364439487457275
CC(=O)Nc1ccc(N2C(=O)C(C)=C(C)C2=O)cc1,1.5141453742980957,0.79185950756073,2.0257136821746826
O=C(Nc1ccccc1)[C@H]1C[C@H]1C(F)(F)F,2.9034390449523926,0.7917976379394531,2.8367326259613037
CC(=O)Nc1ccc(N2C(=O)C=C3C=CC=C3C2=O)cc1,1.7627753019332886,0.7917830944061279,2.3443796634674072
CC(=O)Nc1cc(-c2nnc(-c3ccc(C)cc3)o2)nn1C,2.4564762115478516,0.7917471528053284,2.3305652141571045
Cc1c(C(=O)O)ccnc1NC(=O)C1=CC=CC1,1.018171787261963,0.7915381193161011,2.662571907043457
CC(=O)Nc1ccc(NC2=C(C)C=CC2=O)cc1,2.0041139125823975,0.7915180325508118,2.0710654258728027
CC(=O)Nc1ccc(NC(=O)C2C=CC=C2)cc1,1.777658224105835,0.7913782596588135,2.224755048751831
Cc1cc(C)c(C(=O)NC2=CC=CCC2=O)c(O)n1,1.5437395572662354,0.7911489605903625,2.60528826713562
CC(=O)Nc1ccc(N=c2ccc(C)c(C)s2)cc1,3.8200438022613525,0.7911428213119507,2.161079168319702
CC(=O)Nc1ccc(C2=CC(=O)C=C(C)C2)cc1,2.6376452445983887,0.7910610437393188,2.2825276851654053
CC1=CC(=O)C=C1NC(=O)c1cc(C)ccn1,1.3105524778366089,0.7909752130508423,2.474308729171753
Cc1ccc(NC(=O)C(=O)Nc2ccccc2)nc1,1.9370580911636353,0.790847659111023,2.061302423477173
CC(=O)Nc1ccc(NC2=CC(=O)CC=C2)cc1,2.023387908935547,0.7906609773635864,2.0154612064361572
CC(=O)Nc1ccc(N2CC=C(C)CC2)cc1,2.3627254962921143,0.7905797958374023,2.033665895462036
CC1=C(C(=O)Nc2ccc(N=c3cc[nH]cc3C#N)cc2)CCO1,2.657412528991699,0.7905235290527344,2.659142017364502
Cc1ccc(C(=O)Nc2ccc(NC(=O)CN3C(=O)C=CC3=O)cc2C)o1,1.873458743095398,0.790370762348175,2.2479608058929443
C=C1C(C)=C(C)C(=O)N1C[C@H](C)NC(=O)c1cnn[nH]1,0.2522898018360138,0.7898248434066772,3.0877933502197266
CC(=O)Nc1ccc(C2=CC(=O)CCC2)cc1,2.2120256423950195,0.7893303036689758,2.0992400646209717
CC(=O)Nc1ccc(N=C2C=CC(C)(C)C=C2)cc1,3.2103607654571533,0.7892584800720215,2.484623670578003
C=CCN(C1=CC(=O)CCC1)c1ccccc1NC(C)=O,2.794347047805786,0.7891607880592346,2.3120405673980713
CC(=O)Nc1ccccc1NC(=O)C1C=CC=C1,1.7332030534744263,0.7889791131019592,2.2403860092163086
C=C(C)C(=O)Nc1ccc2nc(C)ccc2c1,3.0205159187316895,0.7889021039009094,2.1313891410827637
Cc1cccc(-c2ccccc2)c1C(=O)O,2.5231902599334717,0.7885652184486389,1.9922341108322144
CC(=O)Nc1ccc(NC2=CC(=O)C=C(C)C2)cc1,2.006270170211792,0.7884611487388611,2.2936720848083496
CC(=O)Nc1ccc(NC2=CC(=O)C=CC2)cc1,1.7855429649353027,0.7878738641738892,2.195014715194702
CC1=CC=C(C(=O)Nc2nnc(CNC(=O)OC(C)(C)C)s2)C=CC=C1,2.9117822647094727,0.7878738045692444,2.5284035205841064
CC(=O)Nc1ccc(N=c2scc(C3=CC(=O)C[C@@H](C)C3)n2[C@H]2C[C@H]2C)cc1,4.150976657867432,0.7878261804580688,3.771502733230591
Cc1cccc(C(=O)Nc2ccccc2)c1,3.284728765487671,0.7876330018043518,1.6229674816131592
C=C1C=C(C)CC(Nc2ccc(NC(C)=O)cc2)=C1,2.6552882194519043,0.787578821182251,2.0022597312927246
C=C1C=CC(=O)C=C1Nc1cccc(NC(C)=O)c1,2.104342460632324,0.7875027656555176,2.200582265853882
C=C1C=C(C)CC(Nc2ccccc2NC(C)=O)=C1,2.55735182762146,0.7874993681907654,2.0355489253997803
COC(=O)c1ccc(NC(=O)C2C=CC=C2)cn1,1.5700169801712036,0.7874845266342163,2.4691359996795654
C=C1C=CC(Nc2ccc(NC(C)=O)cc2)=CC1=O,2.274956464767456,0.7868248224258423,2.1552371978759766
CC(=O)Nc1ccc(NC(=O)C2=CC(=O)C=C2)cc1,1.4560385942459106,0.7867699861526489,2.1113088130950928
Cc1cccc(NC(=O)c2ccccc2)c1,3.2733118534088135,0.7867679595947266,1.6083450317382812
CC(=O)Nc1ccc(N=c2c(=O)ccc2=O)cc1,1.9481183290481567,0.7866446375846863,2.214043140411377
CC1=C(C)C(Nc2cc(C=O)ccc2C)=CC1=O,2.1602344512939453,0.7865642309188843,2.2933247089385986
CC(=O)Nc1ccc(NC(=O)N=c2ccc(C)c(C)cc2)cc1,3.1901588439941406,0.7861349582672119,2.1484789848327637
O=C(Nc1ccc(F)cc1O)C1=CCC=CC=C1,2.06378173828125,0.7860797047615051,2.2105066776275635
CC(=O)Nc1ccc(NCC2C=CC=C2)cc1,2.2174453735351562,0.7856224775314331,2.186753511428833
C=C1C=CCN(c2ccc(NC(C)=O)cc2)C1,2.5419421195983887,0.78548663854599,2.0040037631988525
CC(=O)Nc1ccc(N=Nc2ccccc2)cc1,3.0964162349700928,0.7854164838790894,2.0158894062042236
Cc1ccc(C(=O)Nc2ccccc2)cc1,3.2273449897766113,0.7853056192398071,1.531281590461731
CC(=O)Nc1ccccc1C1=CC(=O)C=C(C)C1,2.3051252365112305,0.7849705815315247,2.3295657634735107
C=C1C=C(C(=O)Nc2ccc(C)cc2)C(C)(C)C1,3.3443009853363037,0.7848283648490906,2.114196538925171
CC(C)c1cc(NC(=O)c2cnc3ccccc3c2F)on1,3.6308369636535645,0.7844189405441284,2.2794530391693115
CC(=O)Nc1ccc(C2=CC(=O)CC2)cc1C,2.2113401889801025,0.7842646241188049,2.1800873279571533
O=C(Nc1ccc(N=c2cccccc2)cc1)C(F)F,3.7289018630981445,0.7839913964271545,2.2993860244750977
Cc1cc(NC(=O)c2ccccc2)cn(C)c1=O,2.1282553672790527,0.7837256193161011,1.9718999862670898
O=C(Nc1ccc(NC(=O)C2C=CC=CC=C2)cc1)C1C=CC=CC=C1,3.1922831535339355,0.7835768461227417,2.3363189697265625
C=C1C=C(Nc2ccc(NC(C)=O)cc2)C=C1C,2.7891592979431152,0.7833719253540039,2.0407285690307617
CC(=O)Nc1ccc(NC2=CC=CSC2)cc1,2.588667869567871,0.7832382321357727,2.2683298587799072
CC(=O)Nc1cc(Br)cc(Br)c1,3.7600622177124023,0.7832226753234863,2.1954445838928223
CC(=O)Nc1ccc(C2=CC(C)=CC2=O)cc1,2.1278903484344482,0.7831949591636658,2.14520263671875
CC(=O)N1N=C(c2ccc(C)cc2)CC(=O)C1=NNc1cccc(C)c1,2.824442148208618,0.7831234335899353,2.566397190093994
COC(=O)c1ccc(-c2ccc(NC(=O)C[C@@H]3C=CSC3)cc2)c(C)c1,4.189886093139648,0.7830237150192261,2.717099666595459
Cc1ccc(NC(=O)c2ccccc2)cc1,3.2296142578125,0.7828957438468933,1.548366904258728
CC(=O)Nc1ccc(-c2ccccc2)cc1,3.1938376426696777,0.7828423380851746,1.6476386785507202
Cc1ccc(C2=CCN(C(=O)c3ccccc3)C=C2)cn1,3.3688197135925293,0.7825647592544556,2.0016517639160156
CC(=O)Nc1ccc(N2C(=O)C(C)=C(C#N)C2=O)cc1,1.294814944267273,0.7825590968132019,2.1713733673095703
CC(=O)Nc1ccc(C2=CC(=O)C=C(C)C2=O)cc1,1.8490070104599,0.7822394967079163,2.3183505535125732
C=C1C=CCC(Nc2cccc(C)c2C(=O)O)=C1,1.5755250453948975,0.7821640372276306,2.2868845462799072
Cc1ccc(C)c(NC(=O)c2ccccc2)c1,3.5730538368225098,0.7819962501525879,1.6856248378753662
CC(=O)c1ccccc1NC(=O)C1=CC=CC1,2.1850504875183105,0.7818110585212708,2.163271903991699
CC(=O)Nc1ccc([C@H](O)[C@@H](O)c2ccccc2)cc1,2.299468755722046,0.7814918160438538,2.6515300273895264
CC(=O)Nc1ccc(N=C2C(C)=CC2(C)C)cc1,3.03292179107666,0.7814615368843079,2.5425806045532227
COC(=O)Nc1cccc(NC(=O)[C@@H]2CC=CC[C@H]2C)c1,2.701258420944214,0.7808769941329956,2.9612483978271484
Cc1ccc(NC(=O)C(=C2C=CC=CC2)C(F)(F)F)cc1,3.8385210037231445,0.7802497744560242,2.008826971054077
CC1=CC=C(C(=O)Nc2ccc(C)cc2)CC1,2.860943555831909,0.7801831960678101,2.0336050987243652
CCOC(=O)c1ccc(Nc2ccccc2)cc1,3.4984450340270996,0.7801110744476318,1.6946760416030884
CC1=CCC(NC(=O)c2ccccc2)=CC1=O,1.985600471496582,0.7801088690757751,1.9096511602401733
CC1=CC(C)(C)C=C1Nc1ccc(C(=O)O)cc1,2.054264545440674,0.7800496220588684,2.096217632293701
C=C1C(C)=C(C)C(=O)N1c1ccc(NC(C)=O)cc1,2.259329319000244,0.7800079584121704,2.1158368587493896
CC(=O)Nc1ccc(C2=CCC(C)=CC2)cc1,3.003990411758423,0.7799471616744995,1.991050124168396
CC(=O)Nc1ccc(C2=CC(=O)C=C2C)cc1,2.0337860584259033,0.7797442078590393,2.2845845222473145
O=C(Nc1ccc(Br)cc1)c1cc(Br)ccc(=O)c1,4.333807468414307,0.7797056436538696,1.9234808683395386
C=C[C@H](C)Oc1cc(NC(=O)c2cncn2C)ccc1Br,3.386793851852417,0.7796369791030884,2.725092649459839
CC(=O)NC1=C(C)CN(C(C)=O)c2ccccc21,2.0441436767578125,0.7795276045799255,2.1866164207458496
COC(=O)c1c(NC(C)=O)n(-c2cccc(NC(C)=O)c2)ccc1=O,1.2464768886566162,0.7790775895118713,2.212343692779541
C=C1C=CC(C(=O)O)(c2ccnn2C)C=C1,0.7340033650398254,0.7790515422821045,2.744455575942993
CC(=Nc1ccc(NC(=O)C2=CCCC2)cc1)C(F)(F)F,3.9252543449401855,0.7786123156547546,2.6305272579193115
CNC(=O)Nc1ccc(NC(=O)c2ccccc2)cc1,2.423016309738159,0.7785075902938843,1.7764109373092651
CC(=O)NCc1ccc(Br)cc1,2.200319528579712,0.7782406210899353,1.8499491214752197
CC1=C[C@@H](C(=O)Nc2ccc(S(=O)(=O)N=S(C)(C)=O)cc2)C(C)=C1,2.048482894897461,0.7775457501411438,2.7595019340515137
CC(=O)Nc1ccc(=Nc2ccc(C)cc2)[nH]c1,2.629812240600586,0.7775234580039978,2.3629579544067383
CC(=O)Nc1ccc(NC2=CC=C[CH]2)c(C)c1,2.699841022491455,0.7775194644927979,2.1792378425598145
CC(=O)Nc1ccc(NC(=O)[C]2C=CC=C2)cc1,1.7170268297195435,0.7773619294166565,2.050602436065674
CC(=O)N[C@H](C)C(=O)NCc1ccccc1,0.8684261441230774,0.7769451141357422,2.2859790325164795
Cc1cccc(C(=O)N(C)CC(=O)O)c1,0.5680131912231445,0.7767758369445801,2.1923441886901855
CC(=O)N(C)[C@@H](C(=O)O)c1ccccc1,0.6459777355194092,0.7765817046165466,2.718445301055908
C=C(C)C(=O)NC1(c2ccc(NC(=O)c3ccccc3C)cc2)CCC1,4.12060022354126,0.7765637040138245,2.2328035831451416
CC(=O)Nc1ccc(NC2=CC=CC2)nc1,1.7118052244186401,0.7765040993690491,2.7275445461273193
Cc1ccc(C(=O)NC2(c3ccc(NC(=O)C4=CC(=O)CC4)cc3)CCC2)cc1,4.06100606918335,0.7764634490013123,2.3194940090179443
CC(=O)Nc1ccc(N=c2ccccc(C)c2)cc1,3.8118155002593994,0.7764042019844055,2.129716634750366
CC(=O)Nc1ccc(N=c2cccc(C)cc2)cc1,3.7807397842407227,0.7762086987495422,2.1498451232910156
O=C(Nc1ccccc1)c1cccnc1,2.279367208480835,0.7761623859405518,1.7639273405075073
CC(=O)NC1CN(C(=O)c2ccccc2)C1,1.071586012840271,0.7757779359817505,2.055297374725342
C=C(C)C(=O)NC1(c2ccc(NC(=O)c3cccc(C)c3)cc2)CCC1,4.1164703369140625,0.7757619619369507,2.1500906944274902
C=C1C=CC(=NC(=O)c2cccc(NC(C)=O)c2)C=C1,2.3186092376708984,0.7755224704742432,2.2988688945770264
CC(=O)Nc1ccc(NC(C)=C2C=CC=C2)cc1,2.2551469802856445,0.7753791809082031,2.0854740142822266
CC1(C)C(=CNc2ccc(C(=O)O)cn2)C1(C)C,1.5016624927520752,0.7751047611236572,2.4220292568206787
Cc1cc(F)ccc1NC(=O)C1=CC=CC1,2.563185453414917,0.7749339938163757,2.0650007724761963
CC(=O)N[C@@H](C)C(=O)N(C(C)C)C1C=CC=CC=C1,2.0392160415649414,0.7749037146568298,3.017796277999878
Cc1cccc(C(=O)NNC(=O)C2=NN(C)C(=O)CC2)c1,-0.03048909641802311,0.7748998999595642,2.532694101333618
O=C(NCC1=CC=CC1)c1cc(=O)cco1,0.9372807145118713,0.7743154764175415,2.1967430114746094
C=C1C=CC(=N[C@H](C)C(=O)N=c2cc[nH]cn2)C=C1,1.4682003259658813,0.774074912071228,3.5095248222351074
C=CC1=Nc2ccccc2N(C(C)=O)C(C)=C1C(=O)O,0.9933466911315918,0.7737993597984314,2.929872751235962
CC(=O)Nc1ccc(-c2noc(-c3ccccc3)n2)cc1,3.417681932449341,0.7737584114074707,1.8499013185501099
CC(=O)Nc1ccc(C2=CC(C)=C=C2C)cc1,2.9401333332061768,0.7732794880867004,2.0577633380889893
CC1=C(C(=O)N2CCN(C)CC2)[C@H](c2ccc(C)cc2)NC(=S)N1,1.6106131076812744,0.7726122140884399,2.994603395462036
CN[C@H](CSC(C)(C)C)c1ccccc1,3.5156965255737305,0.7725782990455627,3.0014209747314453
CC(=O)Nc1ccc(C)cc1NC(=O)C1C=CC=C1,2.206195116043091,0.7714550495147705,2.3117189407348633
CC(=O)Nc1ccc(C2=CC(=O)C=C2)cc1,1.8208162784576416,0.7713934779167175,1.9927258491516113
C=c1ccccc1=CNc1ccccc1NC(C)=O,3.3609840869903564,0.7707979679107666,1.987608551979065
C=C1C=C(C)C(Nc2ccc(Cl)cc2)=NC1=O,2.953794240951538,0.7706707119941711,2.4094393253326416
C=C(Br)C(=O)NCCc1ccccc1,2.7456514835357666,0.7705199122428894,1.9339900016784668
CC1=C(C(=O)O)CC(Nc2ccc(C)cc2)=C1,1.5943392515182495,0.7704484462738037,1.9793756008148193
CC[C@H](N[C@H](CC)c1ccccc1)C(C)=O,2.9237775802612305,0.7703650593757629,2.9179327487945557
CC(=O)Nc1ccc(C)cc1NC1=C(C)C(=O)C=C1,2.199528932571411,0.7703477144241333,2.1161599159240723
CC1=C=C(N=c2cnc(C)c[nH]2)c2ccc(C)cc21,2.909014940261841,0.7700900435447693,2.543977975845337
CC(=O)c1cccc(Nc2ccsc2)c1,3.2876739501953125,0.769851803779602,2.0563387870788574
COC(=O)C1=Cc2ccccc2N(Cc2ncccn2)C1,1.9915986061096191,0.7697615027427673,2.2153189182281494
C=c1ccc(=CC(=O)Nc2ccc(F)cc2C)cc1,3.8676300048828125,0.7695272564888,2.075324773788452
O=C1C=CC(=CNc2ccc(NC(=O)C3CC3)cc2)C=C1,2.350037097930908,0.7691907286643982,2.158719301223755
CC(=O)Nc1ccnc(C2=CCCC2)c1,2.21297025680542,0.768833339214325,2.2495734691619873
CC(=O)Nc1cc2c(=O)c(C)c(C)[nH]c2cc1N=C(C)C,2.735999345779419,0.768720269203186,2.6973466873168945
C=C1C=CC(=NNc2ccc(NC(C)=O)cc2C)C1,2.745919704437256,0.7675108313560486,2.2560653686523438
CC(=O)N[C@H]1CCN(C(=O)[C@@H]2C=CC=C2C)[C@H]1C,1.8015987873077393,0.7671991586685181,3.667644500732422
CC(=O)Nc1ccc(NC2C=CC=C2)cc1,1.846667766571045,0.7667748928070068,2.1662256717681885
C=C1C=CCC(NC(=O)c2cccs2)=C1,2.022878885269165,0.7662677764892578,2.4458065032958984
C=C1C=C(NC(=O)c2cnc(C)o2)C(=C)C1,1.804465413093567,0.7655421495437622,2.642416000366211
CC(=O)Nc1ccc(NC2=C=C(C)C=C2)cc1,2.2526042461395264,0.7654851078987122,2.078439712524414
Cc1ccc(S(=O)(=O)NC=C2C=CC(=O)C=C2)cc1,1.8432875871658325,0.7652593851089478,2.335667848587036
O=C1Cc2cccc(NC(=O)C3C=CC=C3)c2N1,1.5497157573699951,0.7646772861480713,2.528531551361084
Cc1cnc(C)c(NC(=O)c2ccccc2)c1,3.1171486377716064,0.7637771964073181,1.9259593486785889
CC(=O)Nc1ccc(N=c2cccccc2)cc1,3.4947972297668457,0.7637168765068054,2.1495559215545654
CC(=O)c1cccc(C)c1ON1C=CC=C2CCCC(C)=C21,3.7401835918426514,0.7630756497383118,2.3292346000671387
CC(=O)Nc1ccc(C(=O)Nc2ccc(CN3C(=O)C=CC3=O)cc2)cc1C,2.7635607719421387,0.7624149918556213,2.0118234157562256
CC(=O)N[C@H](C)c1cc(C)cc(C)c1C,2.8368732929229736,0.7611885666847229,2.6611926555633545
CC(=O)CCc1cc(NC(C)=O)co1,1.326003074645996,0.7610911130905151,2.3666579723358154
C[C@H](NS(=O)(=O)CC(=O)O)c1ccccc1,0.5654714703559875,0.7605829238891602,2.536663770675659
C=C1CCC(=C(C)C(=O)Nc2ccc(C)cc2)C1,2.848191499710083,0.7600060105323792,2.1367640495300293
CC(=O)NCC(=O)NCc1cccc(C)c1,0.8233342170715332,0.7597680687904358,1.992539644241333
C[C]1C=CC(=Nc2ccc(NC(C)=O)cc2)C=C1,2.9743053913116455,0.759057879447937,2.446270227432251
C[C]1C=CC=C1c1ccc(NC(C)=O)cc1,2.67118501663208,0.7589903473854065,2.1169536113739014
Cc1cccc(C(=O)Nc2ccc(I)cc2)c1,3.9698326587677,0.7588934898376465,1.8205370903015137
CC(=O)Nc1cccc(NC(=O)C2=Cc3ccccc3NC(=O)C2)c1,2.8826494216918945,0.7588789463043213,2.355182647705078
CC1=CC(C)=C(C#N)C1=NNC(=O)c1ccnn1C,0.7121611833572388,0.7585498094558716,2.8602466583251953
CC1=CC(=O)C=C(Nc2cccc(C(=O)O)c2)C1=O,0.8710927367210388,0.7579407691955566,2.372706174850464
Cc1ccccc1C(=O)N1CCS(=O)(=O)CC1,1.1518173217773438,0.757922351360321,2.174729347229004
CC(=O)c1csc(Nc2ccccc2)c1,3.2726502418518066,0.7575149536132812,1.9328274726867676
CC(=O)Nc1ccc(/C=C2\C=CC(=O)C=C2C)cc1,2.9291622638702393,0.7570610046386719,2.0712499618530273
C=CCn1c(NC(C)=O)nnc1C1=CC(C)=C(C)C(C)(C)C1,2.394806385040283,0.7568903565406799,2.884617328643799
C=CC1(C(=O)Nc2ccc(NC(C)=O)cc2)CC1,1.926449179649353,0.7564120888710022,2.378253698348999
CC(=O)N(c1ccc(C)cc1)c1cccc(C(F)(F)F)c1,4.164125919342041,0.7563104033470154,2.147590160369873
COC(=O)NCC(=O)Nc1cccc(C)c1,0.8037123084068298,0.7562034726142883,2.061551332473755
CC(=O)Nc1cc(/C=C2/C(=O)C=C(C(F)(F)F)C=C2C)ccc1C,3.1097466945648193,0.7558210492134094,2.5676705837249756
C=CCN(CC(=O)O)C(=O)c1cccc(C)c1C,1.5849997997283936,0.7557159662246704,2.4450466632843018
C=C1C=C(C)C=N[C-]1NC(=O)[C@@H]1CCC(Cl)=C(Cl)C1,3.6251163482666016,0.7556031346321106,3.65116810798645
CC1=CC=C(C)C1=CC(=O)Nc1cc(C)cc(C(=O)O)c1,2.267153024673462,0.7555418610572815,2.372464895248413
CC1=C[C@@H](OC(=O)NNC(=O)c2ccccc2)C=CC1=O,0.9809225797653198,0.755219042301178,2.685415029525757
Cc1cc(C)cc(NC(=O)C2=NOCC2)c1,1.9826254844665527,0.7551822066307068,2.5074386596679688
COC(=O)C1=CC(C)=Cc2cc(NC(C)=O)ccc2N1C(C)=O,2.447021722793579,0.7547328472137451,2.1357080936431885
CC(=O)NC[C@@H](C)Nc1cccc(C)c1,1.8660327196121216,0.7546350955963135,2.532336950302124
C=C1C=C(C)N(C(=O)C(=O)Nc2ccc(C)cc2)C1,2.0007002353668213,0.7539834976196289,2.0317606925964355
C=C1C=CCC(Nc2ccccc2C(=O)O)=C1,1.1851248741149902,0.7534713745117188,2.2377688884735107
CC(=O)Nc1ccc(N=C2C=CC(=O)C=C2)cc1,2.037303924560547,0.7533150315284729,2.482236385345459
C=C1C=CC(=O)C=C1NC(=O)c1ccc(O)cc1,1.5740320682525635,0.753251850605011,2.1619155406951904
O=C(Nc1ccccc1)c1ccccc1,2.7596096992492676,0.7527992129325867,1.608860731124878
C=CCN(C(C)C)S(=O)(=O)c1ccc(NC(C)=O)cc1,2.1841936111450195,0.752458930015564,2.200824022293091
CC(=O)Nc1cccnc1N[C@@H](C(=O)O)c1ccccc1,1.5209881067276,0.7522078156471252,2.5958194732666016
C=C(C)C(=O)Nc1ccc(NC(=O)C2=CC=CC2)cc1,2.02732253074646,0.7521529197692871,2.369838237762451
CC1=C=C(C)C(Nc2cccc(F)c2)=NC1=O,2.4020168781280518,0.7518870234489441,2.247041702270508
C=C1C=C(C)C=C1Nc1ccc(C)cn1,2.340688705444336,0.7518288493156433,2.3659181594848633
C=CC(=O)Nc1ccc(NC(=O)OC(C)(C)C)cc1,2.6570746898651123,0.751546323299408,2.2386415004730225
COC(=O)C1=CC(C)=CC(C(=O)OC)=NN1c1cccc(NC(C)=O)c1,1.8221793174743652,0.7515087127685547,2.369920015335083
CC(=O)Nc1ccc(C2=CC(C)=CCS2)cc1,3.463047742843628,0.7514217495918274,2.231436014175415
CC(=O)Nc1ccc(NC(=O)c2ccccc2)cc1C(=O)O,1.8704532384872437,0.7511178851127625,1.8688099384307861
Cc1cccc(NC(=O)C2(C(N)=O)CC2)c1,1.548248529434204,0.7503499388694763,2.255166530609131
Cc1ccc(NC(=O)c2cccc3ccccc23)nn1,3.468844413757324,0.7501018047332764,1.9674756526947021
CC(=O)Nc1ccc(C2=CCC(C)=C2)cc1,2.664121150970459,0.7498196959495544,1.9422237873077393
NC(=O)c1ccc(Nc2ccccc2)c(C(=O)O)c1,1.521873950958252,0.7497119307518005,1.9741075038909912
O=C(O)c1ccc(NC(=O)C2C=CC=C2)nc1,1.00527822971344,0.7485750317573547,2.5781235694885254
CC(=O)Nc1cccc(C)c1NC(=O)C=C1C=CC=C1,2.542548894882202,0.747536838054657,2.2173025608062744
CC1=C(C)CN(C(=O)c2cc3ccccc3o2)CC1,3.0505053997039795,0.7471821308135986,2.0727028846740723
C=CCc1ccccc1C(=O)Nc1ccc(NC(C)=O)cc1,3.183610439300537,0.7471330165863037,2.0350096225738525
O=C(Nc1ccc(-c2ccccc2)cc1)c1ccccn1,4.00636625289917,0.7466796040534973,1.7766034603118896
CC(=O)Nc1ccccc1N=C1C=CC(C)=C1,2.26716947555542,0.7466788291931152,2.5715858936309814
CC(=O)Nc1cc(C)c(C)cc1C(=O)N=C1C=CC(=O)C=C1,2.235621452331543,0.7466173768043518,2.4223270416259766
O=C(Nc1ccc(-c2nccs2)cc1)c1ccccc1,4.186489105224609,0.7464205026626587,1.7726657390594482
CC(=O)Nc1nc2ccccc2nc1-c1ccccc1,3.630749464035034,0.7463279366493225,1.9786436557769775
CC(=O)Nc1cccc(N=C2C=CC=CC2=O)c1,1.6222764253616333,0.7459380626678467,2.7255859375
CC(=O)Nc1ccc(C(N)=C2C=CC(=O)C=C2)cc1,1.7285181283950806,0.7457127571105957,2.015937089920044
Cc1ccccc1-c1ccc(NC(=O)c2ccccc2)nc1,4.418874263763428,0.745659589767456,1.8400522470474243
CC(=O)c1c(Nc2ccc(C)cc2)cnc2c1c(=O)n(C)c(=O)n2C,1.2681832313537598,0.7456384301185608,2.385396957397461
CC(C)=C(F)C(=O)Nc1ccc2ccccc2c1,3.485607147216797,0.7455611824989319,1.8307074308395386
C=C1C(=O)C(C)=C(C)c2cc(NC(C)=O)ccc21,2.607905626296997,0.7446826696395874,2.1508495807647705
CC(=O)NCC(=O)Nc1ccccc(=O)c1,0.8285151124000549,0.7444711923599243,1.9391405582427979
Cc1cc(C)c(C)c(C(=O)N=c2ccn(C)c(=O)n2C)c1,1.823612928390503,0.7444056272506714,2.444441318511963
Cc1cccc(C(=O)Nc2cnn[nH]2)c1,1.5532511472702026,0.744337797164917,2.144965410232544
Cc1cc(C)nc(NC(=O)C=C2C=CC(=O)C=C2)c1,2.295724868774414,0.7438228726387024,2.5516357421875
Cc1ccc(NC(=O)C2C=CC=C2)cc1,2.4349613189697266,0.7432242631912231,2.1023809909820557
Cc1cccnc1C(=O)Nc1ccc(Nc2ccccc2)cc1,4.028409004211426,0.7429841756820679,1.8891891241073608
COC(=O)[C@@H](NC(C)=O)c1ccccc1,1.1147170066833496,0.742707371711731,2.36057448387146
CC(=O)Nc1cc(Br)ccc1C,2.8599324226379395,0.7427026629447937,1.8786330223083496
C=CC(=O)Nc1ccc(NC(=O)OC(C)(C)C)nc1,2.3808627128601074,0.7426359057426453,2.4666178226470947
CC1=CC(=NNc2nc(-c3ccccc3)ncc2F)CC1,3.1752026081085205,0.7426186203956604,2.442213296890259
Cc1cc(F)c(NC(=O)c2cnn(C)c2)cc1NC(=O)c1cnn(C)c1,2.0698673725128174,0.7424768209457397,2.4941298961639404
COC(=O)Nc1ccc2sc3c(c(=NC(C)=O)c2c1)C(=O)C=C3,2.956956386566162,0.7420608401298523,2.559678077697754
CC(=O)Nc1ccc(NC(=O)C=C2CC(=O)C2)cc1,1.5629135370254517,0.7420451045036316,2.198338747024536
C=CCC1(Nc2ccc(NC(C)=O)cc2)CCCC1,3.2382962703704834,0.742014467716217,2.433098793029785
CC(=O)Nc1ccc(N=C2[SH]=C(C)C(=O)C=C2C)cc1,2.9187967777252197,0.7418216466903687,2.3456737995147705
CC(=O)Nc1cccc(N/C=C2/C=C[C@@H](Br)C=C2C)c1,3.578801155090332,0.7417995929718018,3.0113532543182373
CC(=O)Nc1ccc2cc(Nc3cc(C)cc(C)c3)ccc2n1,4.273685932159424,0.7415650486946106,2.013944149017334
C=C(Cl)CN(Cc1ccc(F)cc1)C(=O)c1ccc(NC(C)=O)cc1,3.9461829662323,0.740888237953186,1.928037405014038
CC(=O)N(C1=CC(Br)=C[CH]1)c1ccccc1,3.641913652420044,0.7406861782073975,2.2938356399536133
CC(=O)Nc1ccc(N=C2C=CC=CC2)cc1,2.504523992538452,0.7403246760368347,2.3834755420684814
CC(=O)Nc1cc(/N=C2\C=CC(C)=CC2)cc(C(=O)O)c1,1.8624545335769653,0.740303635597229,2.6698508262634277
Cc1ccc(NC(=O)C2=CC=CC2)cc1,2.3630990982055664,0.7399939298629761,2.0112860202789307
C=C(C)C(=O)NC1(c2ccc(NC(=O)C3=CC(C)=CCC3)cc2)CCC1,3.6510846614837646,0.7392852306365967,2.6102449893951416
CC(=O)N[C@@H](c1ccccc1)[C@@H](C)O,1.1179015636444092,0.7391742467880249,2.7546067237854004
C=C(C)[C@H](C)NC(=O)c1ccc(C)cc1,2.4114859104156494,0.7391576766967773,2.4380431175231934
CC(=O)Nc1ccc(Br)c(S(=O)(=O)N=C2C=CC(=O)C=C2)c1,2.168018341064453,0.7379465699195862,2.431117296218872
CC(=O)C1=C(NC(=O)C[C@@H]2CC=CC[C@H]2C)CCCC1,2.9444656372070312,0.7378618717193604,3.6174933910369873
CC(=O)Nc1ccc(N=C(C)C2=CCCC2)cc1,3.1035730838775635,0.7377152442932129,2.511559009552002
CC(=O)Nc1ccc(NC(=O)C=C2C=CC=CC=C2)cc1,2.417567729949951,0.7374138832092285,2.1663269996643066
O=C(Nc1cccc(-c2noc(C3=CC=CC3)n2)c1)c1ccccc1,3.9213497638702393,0.7373223900794983,2.0189926624298096
C=CC[C@H]1CC=CC[C@H]1NC(=O)c1cnc(C)[nH]1,1.1949234008789062,0.7372840642929077,3.643956422805786
CC1=C[CH]C(NC(=O)c2cccc(I)c2C)=C1,3.5512473583221436,0.7366659641265869,2.2651219367980957
CC(=O)N1C(=O)/C(=C/Nc2ccc(C)c(C)c2)C(C(=O)O)=C1C,1.2162929773330688,0.7366265654563904,2.452537775039673
CC(=O)Nc1cccc(/C=C2/C=CC=C2C)c1,3.4103808403015137,0.7365779876708984,2.315034866333008
Cc1ccc(NC(=O)c2cc3ccccc3cc2C(=O)O)cc1,3.5629801750183105,0.736193060874939,1.8103803396224976
C[C@H]1C[C@H](NC(=O)c2ccccc2)C1,2.1960697174072266,0.7361401915550232,1.9350306987762451
CC(=O)N[C@](C)(C(=O)O)c1ccccc1,0.8197188377380371,0.7359548807144165,2.62221097946167
C[C@@H]1C[C@@H]1C(=O)Nc1ccccc1,2.112220287322998,0.7358695864677429,2.719052314758301
CC(=O)N[C@@H](c1ccccc1)c1ccccc1NC(N)=S,2.8600351810455322,0.7350974678993225,2.410045862197876
Cc1ccc(NC(=O)C=C2C=CC=CC=C2)cc1C,3.71468448638916,0.7350469827651978,2.0961086750030518
O=C1C=CC(=Nc2ccc(NS(=O)(=O)C(F)(F)F)cc2)c2ccccc21,3.0396058559417725,0.7349509000778198,2.476896286010742
CC(=O)Nc1ccc(C(=O)NC=C2C=CC(C)=C2)cc1,2.0681984424591064,0.7342536449432373,2.343034505844116
Cc1cccc(=NNC(=O)c2cccc(C)c2)cc1,3.3993382453918457,0.7340117692947388,2.003692150115967
CC1=CC(=S)[C](NC(=O)c2ccccc2)C=C1,3.081772804260254,0.7333284020423889,1.9411802291870117
CC1=C[C@@H](N[C@@H](C(=O)O)C(C)C)CC2=CC=C[C@H]12,1.7433215379714966,0.7331858277320862,3.9810855388641357
Cc1ccc2ccc(NC(=O)C(N)=O)cc2c1C,1.8927193880081177,0.7327920198440552,1.9682841300964355
C=C(Br)C(=O)Nc1ccc(NC(=O)C2=CCCC=C2)cc1,3.120295524597168,0.7321396470069885,2.2509024143218994
CC(=O)Nc1cccc(Br)c1,2.4593536853790283,0.7319203019142151,1.8590455055236816
CC1=NC(=O)C=CC1=NNC(=O)c1cccc(F)c1,1.4044610261917114,0.7316333651542664,2.5068647861480713
CC(=O)Nc1ccc(NC(=O)NCc2ccccc2N2N=C(C)CC2=O)cc1,2.61908221244812,0.7315099835395813,2.3222155570983887
C=C1C(C)=C(C)C(=O)N1c1ccc(NC(=O)C(=O)O)cc1,0.7237663269042969,0.7313973903656006,2.261659622192383
CC(=O)Nc1ccc2c(c1)C(=O)C(C)=C2C,2.1117937564849854,0.7312309145927429,2.0395731925964355
CC(=O)Nc1cccc(NC(=O)c2sc3ccccc3c2C)c1,4.225276470184326,0.7311766743659973,2.0290944576263428
CC(C)=CC(=O)NCC(C)(C)CNC(=O)c1cnon1,0.6934729814529419,0.730130136013031,2.855778217315674
CC(=O)Nc1ccccc1C(=O)Nc1ccc2ccccc2c1C,4.0496439933776855,0.7296425104141235,1.8888492584228516
Cc1ccc(C(=O)Nc2ccc(-c3cccn3C)cc2)cc1,3.818408489227295,0.7293744683265686,1.845294713973999
CC(=O)Nc1ccc(Nc2ccc3ccc(=O)ccc3c2)cc1,3.7848548889160156,0.7292883396148682,1.940730094909668
CC(=O)Nc1ccc(NC(=O)C=C2C=CC=C2)cc1,2.068909168243408,0.7290945053100586,2.1511220932006836
CC(=O)Nc1ccc(Br)cc1,2.4271740913391113,0.7289190292358398,1.8573533296585083
COc1ccc(-c2ccc(NC(=O)c3ccccc3)cc2)cc1,4.41407585144043,0.728888750076294,1.5260518789291382
C=Cc1ccc(S(=O)(=O)Nc2ccc(C(=O)OC)cc2)cc1,2.2917940616607666,0.7283992767333984,1.9462908506393433
CC(=O)Nc1ccccc1NC(=O)C1=C(C)CCC(=O)N1,1.188118815422058,0.728104293346405,2.2573020458221436
CC(=O)Nc1cc(C)cc(Br)c1,2.914576292037964,0.7276421785354614,2.0393075942993164
C=C[C@@H](C)NC(=O)Nc1ccc(NC(=O)C2=CC=C(C)C2)cc1,3.1292788982391357,0.727262556552887,2.7849247455596924
Cc1cccc(Nc2ccccc2)c1,3.367079257965088,0.7259403467178345,1.8447130918502808
COc1cc(C(=O)Nc2ccc(N=C3C=CC(=O)C=C3)cc2)ccc1O,3.0550146102905273,0.7250523567199707,2.2243897914886475
CC(=O)[C@H](CCC=C(C)C)n1c(=O)c2cc(C)ccc2n(C)c1=O,2.2381832599639893,0.7245098948478699,2.8473360538482666
O=C(Nc1ccccc1Nc1cccc(=O)cc1)c1ccccc1,3.9538843631744385,0.7242611646652222,1.8181854486465454
Cc1ccc2c(c1)oc(=O)n2CC(=O)Nc1csc(Br)c1,3.414524555206299,0.7227783203125,2.2805075645446777
C=C1C=C(C)CC(Nc2cccc(NC(=O)NC(C)C)c2)=C1,3.525411605834961,0.7223726511001587,2.0772132873535156
C=CCNc1ccc(C2=CC(=O)CC2)cc1,2.2826778888702393,0.7216230034828186,2.3804666996002197
CC(=O)Nc1sc(NC(=O)C2C=CC=C2)nc1C(=O)O,0.4762784540653229,0.7216169834136963,2.8505637645721436
CC(=O)Nc1ccc(NC(O)=C2C=CC(=O)C=C2)cc1,1.2763384580612183,0.7213007211685181,2.1866745948791504
C=CC(=O)Nc1ccc(Br)cc1NC(=O)[C@@H]1C=CC=C1C,3.1433234214782715,0.7204724550247192,3.1327593326568604
C=CC1=NC(=O)c2c(NC(=O)c3cc(NC(C)=O)c[nH]3)cccc21,2.0443572998046875,0.7200785875320435,2.6013593673706055
C=C[C@H](NC(=O)OC(C)(C)C)C1C=CC(=O)C=C1,2.3676280975341797,0.719797670841217,3.316972017288208
CC(=O)N[C@@H](C)c1ccc(C)cc1,2.21921443939209,0.7194841504096985,2.2825982570648193
C=CCN[C@H]1CCCN(C(=O)OC(C)(C)C)C1,2.047804355621338,0.7194034457206726,2.8768014907836914
CC(=O)Nc1ccc(C(=O)N=S2(=O)C=CC=C2)cc1,1.6965537071228027,0.7188807725906372,2.368295669555664
CC(=O)Nc1ccc(Nc2ccc3ccccc3c2)cc1,4.148416519165039,0.7187787890434265,1.7736773490905762
Cc1ccc(NC(=O)c2ccccc2)cc1N=c1cc(C)n(C)cn1,3.9400343894958496,0.7186272740364075,2.1700022220611572
CC(=O)Nc1cc(C(=O)Nc2ccccc2C2=CC(=O)NCC2)ccc1F,2.6922667026519775,0.7185332775115967,2.1230244636535645
Cc1ccccc1NC(=O)c1cc2ccccc2o1,4.328309535980225,0.717752993106842,1.8431403636932373
C=CCN(CCc1cccc(C(=O)O)c1)C(C)=O,1.3161485195159912,0.716610312461853,2.4522736072540283
CC(=O)Nc1ccc2c(=O)c3cc(C)ccc3ccc2c1,3.7820684909820557,0.7165645956993103,1.894034743309021
CC(=O)Nc1ccc(-c2ccc3ccc(=O)ccc3c2)cc1,4.08791446685791,0.7163441181182861,1.8440691232681274
CC[C@@H](NC(=O)c1ccc(NC(C)=O)cc1)C(=O)NC1=NC[C@@H](C)C1,1.803890347480774,0.7159430980682373,2.8803329467773438
CC(=O)Nc1ccc(NC=C2C=CC=C2)cc1,2.164541721343994,0.7159022688865662,2.062777042388916
CC(=O)c1cc2ccccc2cc1C(=O)Nc1ccc(C)cc1,4.52773904800415,0.715806782245636,1.8229687213897705
CC(=O)Nc1cccnc1C(C#N)=C1C=CC(=O)C=C1,1.632482647895813,0.7154560685157776,2.652981758117676
C=C1CC=C(C(=O)Nc2ccc(NC(=O)[C@H](C)NC(C)=O)cc2)C1,1.9348204135894775,0.7139841914176941,2.6427059173583984
CC(=O)Nc1ccc(OC2=CC(=O)C=CC2=O)cc1,1.713650107383728,0.7130423784255981,2.1549782752990723
C=C(C)CNc1ccccc1NC(C)=O,1.513793706893921,0.712872326374054,2.0839812755584717
C=C1C=C(C)C=CC(NC(=O)[C@H](C)NC(C)=O)=C1,1.770658016204834,0.7116373777389526,2.985522985458374
CC(C)=C=CCNC(=O)c1ccc(C)cc1,2.320943832397461,0.7113074064254761,2.235663652420044
Cc1cccc(-c2ccc(NC(=O)c3sccc3C)cc2)c1,4.843942642211914,0.7111079692840576,1.9428966045379639
CC(=O)Nc1ccccc1N=C1C=CC=C1,2.009518623352051,0.7110109329223633,2.5628561973571777
C=CC(=O)Nc1ccc(-c2noc(-c3ccccc3)n2)cc1,3.4882965087890625,0.7105855941772461,2.03303861618042
CC(=O)NCc1cc(C)ccc1C,1.8092440366744995,0.7104971408843994,1.924167275428772
CC(=O)n1cc(C(=O)Nc2cc(C)ccc2C)c2ccccc21,3.8839540481567383,0.710142195224762,2.022871732711792
C=C(C)CNC(=O)Nc1ccc(C)cc1,1.9482665061950684,0.7098472714424133,2.1224799156188965
CC(=O)Nc1cc(NC2C=CC=C2)cc(C(=O)O)c1,1.62506902217865,0.7097426652908325,2.3974995613098145
CC(=O)Nc1cc(C)cc(NC(C)=O)c1,1.4292904138565063,0.7095522880554199,2.1631736755371094
C=c1cc(Nc2cccc(C(=O)O)c2C)c2ccccc2c1=C,3.6393826007843018,0.7051835060119629,2.065404176712036
C=C1C=CC(=NNC(=O)c2ccc(F)cc2)C=C1,2.067732572555542,0.7047040462493896,2.2288224697113037
C=C1C=C[C@@H](NC(=O)[C@@H](C)NC(C)=O)C(C)=C1,1.0156095027923584,0.7043808102607727,3.4746694564819336
CC(=O)Nc1ccc2ccccc2c1,2.916219472885132,0.70423823595047,1.7643214464187622
CC(=O)Nc1nc(NC(C)=O)nc(NC2=CC=CC2)n1,0.3913758397102356,0.7041136622428894,2.8979671001434326
Cn1cc(C(=O)Nc2ccc(NC(=O)c3ccc(F)c(F)c3)cc2F)nn1,3.0630056858062744,0.7038724422454834,2.211911201477051
O=C(Nc1ccc(-c2ccccc2)cc1)c1ccccc1,4.432260513305664,0.7031245231628418,1.5876047611236572
C=CC(=O)Nc1ccc(NCC2=CC=CC2)cc1,2.2725918292999268,0.7031237483024597,2.2842209339141846
C=c1cc(Nc2cccc(NC(C)=O)c2)c2ccccc2c1=C,4.271016597747803,0.7026679515838623,2.0412847995758057
CC(C)(C)OC(=O)Nc1ccccc1,2.6918938159942627,0.7025771141052246,1.9782177209854126
C=C1CC(C)(C(=O)Nc2ccc(NC(=O)[C@H](C)NC(C)=O)cc2)C1,2.110156297683716,0.7018908262252808,2.678049087524414
Cc1cccc(=NC(=O)c2cc(=O)n(C)cn2)cc1,1.8127105236053467,0.700027346611023,2.423046350479126
C=CC(=O)Nc1cnc(C)cc1NC(C)=O,1.2530407905578613,0.6983228325843811,2.6827800273895264
CC(=O)C(=O)Nc1ccc(C)c(C)c1,1.463183045387268,0.6957020163536072,2.0031754970550537
CC(=O)Nc1cc(Cl)cc(Cl)c1,2.692051649093628,0.6950503587722778,2.099209785461426
CC(=O)Nc1cccc(OC(=O)C2=CC=CC2)c1,1.7507145404815674,0.6949971318244934,2.4789376258850098
COc1cc(F)ccc1S(=O)(=O)Nc1ccc(-n2cc(C)ccc2=O)cc1,3.4128031730651855,0.6940626502037048,2.1209771633148193
Cc1cccc(C(=O)NCC(=O)O)c1,0.2716733515262604,0.693734347820282,2.052844762802124
CC(=O)Nc1ccc(C)cc1C(C)=O,1.819211483001709,0.6930321455001831,2.005143880844116
CC(=O)O[C@@H]1C=CC=C[C@H]1OC(=O)c1ccccc1,2.205190420150757,0.6928024291992188,2.950653314590454
C[C]1C=C(C(=O)N[C@H](C)C(C)=O)C=C(C)C1,1.9880625009536743,0.6921536922454834,3.0692455768585205
CC(=O)NCCc1ccccc1,1.4563570022583008,0.6909329891204834,1.8285250663757324
CC(=O)Nc1ccc(OC(=O)C2=CC(=O)C=C2)cc1,1.9227408170700073,0.689733624458313,2.1037333011627197
CC(=O)Nc1cccc(NC(C)=O)c1,1.0896124839782715,0.689120888710022,1.9972116947174072
CC(=O)Nc1ccccc1CNC(=O)C1=NN(c2ccc(C)cc2)C(=O)[C@@H](C)N1,2.302338123321533,0.6884894371032715,2.8451170921325684
Cc1ccc(NC(=O)Cn2cnc3cc(C)ccc3c2=O)c(C(F)(F)F)c1,3.7693135738372803,0.6877847909927368,2.1879665851593018
CC(=O)Nc1ccc(NC(=O)CNc2cc(C)cc3c2CC=C3)cc1,3.506937026977539,0.6870590448379517,1.9731948375701904
C=CCN(C(=S)Nc1ccc(C)cn1)c1ccccc1C,3.6364991664886475,0.6868647933006287,2.2482948303222656
CC(=O)Nc1ccc(C(=O)N2CCN(C(=O)c3ccc4ncsc4c3)CC2)cc1,3.1706786155700684,0.6861304044723511,2.2746214866638184
CC(=O)C(=O)Nc1cccc(C)c1,1.441009283065796,0.6859964728355408,1.9580109119415283
CC(=O)NC1CC=C(C2=CCCCC2)CC1,2.9811086654663086,0.6859307885169983,2.924922227859497
CC(=O)N[C@H](C)c1ccccc1,1.9357810020446777,0.6852260231971741,2.31235671043396
Cc1ccc(C(=O)Nc2ccc3ccccc3c2)cc1,4.45082426071167,0.684264600276947,1.6183607578277588
Cc1cccc(Nc2ccc(C(=O)c3ccccc3)cc2)c1,4.674213886260986,0.6825265884399414,1.6765472888946533
CC(=O)Nc1ccnc(NC(C)=O)c1,0.570249617099762,0.682364284992218,2.2428903579711914
COC(=O)c1cccc(NC(C)=O)c1,1.1989916563034058,0.6791298985481262,1.8667930364608765
CC(=O)Nc1ccc(NC(=O)NCCN2C(=O)C=C(C)C2=O)cc1,1.0185751914978027,0.6779287457466125,2.0682711601257324
CC(=O)Nc1ccc2sc3ccccc3c2c1,4.148138523101807,0.6769706010818481,1.970786452293396
O=C(Nc1ccccc1)C(F)(F)F,2.347224235534668,0.6760007739067078,1.9126486778259277
CC(=O)Nc1ccc(C(=O)NN=c2ccccccc2=O)cc1,2.153193235397339,0.6750966906547546,2.0380468368530273
NC(=O)C(=O)Nc1ccc(NC(=O)C2=CC(=O)C=C2)cc1,0.25175538659095764,0.6748825907707214,2.247199535369873
CC(=O)N[C@H](CN)c1ccccc1,0.7188764810562134,0.6747410297393799,2.4842586517333984
CC(=O)NC1=C=C(Br)C=CC=C1,2.215507745742798,0.6733811497688293,2.9813103675842285
CC(=O)NCc1ccccc1,1.4195185899734497,0.6726334691047668,1.8173120021820068
C=C(C)C(=O)Nc1ccc(C)c(C)c1,2.236388921737671,0.6702162623405457,2.086484909057617
COC(=O)c1ccc(C(=O)Nc2ccc(NC(C)=O)c(OC)c2)cc1Br,3.566709518432617,0.6688997745513916,2.116925001144409
CC(=O)Nc1cccc(C(=O)O)c1,0.8966414332389832,0.6683070659637451,1.9848334789276123
Cc1ccc(NC(=O)CCNC(=O)O)cc1,0.7836889028549194,0.6658552289009094,1.8952641487121582
CC(=O)c1ccc(C)cc1NC=C1C=CC=C1,3.2038278579711914,0.6653900742530823,2.1698904037475586
C=Cn1ccc(C(=O)Nc2ccc(-c3ccc(C(=O)O)cc3)cc2)c1,2.934250593185425,0.6647403240203857,2.201974630355835
CC(=O)Nc1ccc(Br)c(S(=O)(=O)NC=C2C=CC(=O)C=C2)c1,2.3809406757354736,0.6621442437171936,2.3864500522613525
CC(=O)NC1=C(Br)CC(=O)C=C1,1.8802978992462158,0.661723792552948,2.518157720565796
CCOC(=O)C1=CC(=O)C=C1NC(=O)Nc1ccc(NC(C)=O)cc1,1.7299458980560303,0.6573662757873535,2.458566904067993
C=CC[C@H](C=C)C(=O)Nc1ccc(C)cc1,2.742954730987549,0.656498372554779,2.5715620517730713
CC(=O)NS(=O)(=O)C1C=CC=CC=C1,0.0994856208562851,0.6561282277107239,2.8290727138519287
CC(=O)C(=O)Nc1ccccc1,1.062994360923767,0.6559745669364929,1.9322932958602905
C=C(C)CN(C)C(=O)c1ccccc1,2.0819828510284424,0.6544334292411804,2.10756254196167
C=CCN=c1c(C)c(NC(C)=O)ccn1CC=C,2.306438684463501,0.6518647074699402,2.4014153480529785
C=C1C=CC=CC(C(=O)NCCN(CCC)CCC)=C1,2.829859733581543,0.6501560807228088,2.5770504474639893
CC(C)(C)CNC(=O)C1=CCCCC1,2.5688931941986084,0.6489235162734985,2.661294460296631
CN(C)C(=O)Nc1ccccc1,1.6762118339538574,0.6478689908981323,1.9182289838790894
CCC(NCCNC(C)=O)=C1C=CC(=O)C=C1,0.8951701521873474,0.6474697589874268,2.4046783447265625
CC(=O)N[C@@H](C)C1C(C)=CCC=C1C,2.218496322631836,0.6459728479385376,3.1257712841033936
C=CCN(CC(=C)C)C(=S)Nc1ccc(C)cn1,3.1040589809417725,0.6445243954658508,2.500209093093872
CC(=O)Nc1ccc(C)c(C)c1,2.0938644409179688,0.64410001039505,1.9630608558654785
CNC(=O)c1cccc(C)c1,1.6242276430130005,0.6433090567588806,1.9340876340866089
CC(=O)Nc1cccc(C)c1,2.098174571990967,0.6431174874305725,1.902395486831665
CC(=O)Nc1cc(C)ccc1C(=O)O,1.193656325340271,0.6430425047874451,2.1258492469787598
CC(=O)Nc1ccccc(=O)c1,1.2202270030975342,0.6422064304351807,1.8896136283874512
COC(=O)Nc1cccc(C)c1,1.6995469331741333,0.6419836282730103,1.869387149810791
CC(=O)NC(=O)Nc1ccccc1,1.1843863725662231,0.6408315896987915,1.9363113641738892
CC(=O)Nc1cc(C)cc(C)c1,2.107510805130005,0.6405907273292542,2.159452199935913
CC(=O)Nc1ccccc1C,2.0495214462280273,0.639508843421936,1.9174063205718994
CC(=O)N[C@@H]1CC=C(C)O[C@H]1C(C)C,1.7913106679916382,0.6394757032394409,3.5336861610412598
C=CC(CC(=C)C)=C1C=CC=C1NC(C)=O,2.325071096420288,0.638947069644928,3.1745147705078125
O=C1C=CC(NC(=S)Nc2ccc(C(=O)O)cc2)C=C1,1.3658437728881836,0.638379693031311,2.3447506427764893
CC(=O)Nc1ccc(C)cc1,2.049760103225708,0.6382448077201843,1.8571099042892456
CC(=O)Nc1ccccc1,1.89323091506958,0.6379193663597107,1.8435834646224976
C=CC(=C)C(=O)Nc1ccc(NC(C)=O)cc1,1.6286370754241943,0.6368048787117004,2.2011830806732178
Cc1ccc(C)c(C(=O)O)c1,1.1334078311920166,0.6367326974868774,2.195228099822998
Cc1ccc(-c2ccc(C)c(C)c2)nc1,3.2680070400238037,0.6327547430992126,2.125286817550659
CC1=C(C)CN(c2ccc(C)cn2)C=C1,2.2393641471862793,0.6297714710235596,2.4621284008026123
CC(=O)N[C@@]1(C(=O)O)C=CC(C)=CC=C1C,0.4717644453048706,0.6291097402572632,3.339479923248291
CC(=O)NNc1ccccc1,0.8899553418159485,0.6234204173088074,1.9629416465759277
CC(=O)N[C@@H](C)C(C#N)=C1C=CC(C)=C1,1.7838228940963745,0.6230615973472595,3.219186782836914
CC(C)C(=O)NN=c1cccccc1,1.8241978883743286,0.6228258609771729,2.277050733566284
Cc1ccc(NC(N)=S)c(C)c1,1.4477944374084473,0.6167069673538208,2.1558632850646973
Cc1cccc(NC(=O)C(N)=O)c1,0.5577566027641296,0.6135717034339905,1.9865062236785889
O=C(O)Nc1ccccc1,0.8897223472595215,0.6044555306434631,1.9957211017608643
CC(=O)Nc1ccc(C(=O)Nc2nc3c(s2)C[C@H](NC(=O)C2=CC(=O)C=CC2)CC3)cc1,2.5363636016845703,0.6027438640594482,3.1028990745544434
CC(=O)NNC(=O)c1ccccc1,0.6221253275871277,0.6019588112831116,1.9276665449142456
CC(=O)NC(=S)Nc1cccc(C)c1C(=O)O,1.1011728048324585,0.5977717638015747,2.113980531692505
CC(=O)Nc1ccc([N+](=O)[O-])c(C(=O)NC2=CC(C)=C(C)C2(C)C)c1,3.0051109790802,0.5885361433029175,2.2210822105407715
CC(=O)NC1=CC=C(NC(C)=O)CC1,0.6603589057922363,0.5884094834327698,2.5608880519866943
CC(=O)N[C@@]1(C(=O)O)C=CC(C)=CC1,0.1906459629535675,0.5765931606292725,3.2717559337615967
Cc1ccc(/N=C(\Nc2ccccc2)c2ccccc2)cc1,4.873080730438232,0.5695151686668396,1.9293463230133057
C=C1C=C(NC(C)=O)C(C)=C(C)C1=O,1.2489722967147827,0.5691155195236206,2.7239785194396973
CC(=O)NC1=CC=CC=CC=C1,1.5588399171829224,0.5508002042770386,3.0109283924102783
CC(=O)NC1=CC(=O)C=C1,1.031459927558899,0.5431119203567505,2.711461067199707
CC(=O)NC1=C=C(C)C=C1,1.7042489051818848,0.5427725315093994,2.541234254837036
CC(=O)N=C1C=CC(NC(C)=O)=C1,1.0373295545578003,0.5413397550582886,2.6982812881469727
CC(=O)Nc1cc(C)cc([N+](=O)[O-])c1,1.866668939590454,0.5395122170448303,2.1942059993743896
CC(=O)NC1=CC(C)=C(C)C1,1.6435707807540894,0.5339664816856384,2.4831783771514893
CC(=O)NC1=CC=C(C)CC1,1.7234339714050293,0.5303428769111633,2.6136741638183594
C=C1C=CCC(NC(C)=O)=C1,1.388419270515442,0.5273650288581848,2.945641279220581
C=C1CC=C(NC(C)=O)CC1,1.600569486618042,0.522863507270813,2.7365310192108154
CC(=O)NC1=CC(C)=CCC1,1.7716126441955566,0.5195720791816711,2.628652572631836
